Name,Group,Stream URL,Logo,EPG
CH5,1.Digital.TV,https://tc-live1.sanook.com/live/22302_ch5.m3u8,https://il.mahidol.ac.th/upload/img/2020-11-08-073856.jpg,1001
NBT,1.Digital.TV,https://doofootball.livestream-cdn.com/iptv/sd-nbt.stream/chunks.m3u8,https://il.mahidol.ac.th/upload/img/2020-11-08-074028.jpg,1002
NBT,1.Digital.TV,http://live2.dootvde.com/live/50005_nbt.stream.smil/playist.m3u8,https://il.mahidol.ac.th/upload/img/2020-11-08-074028.jpg,1002
NBT,1.Digital.TV,https://www.livedoomovies.com/02_NBTSD_480p/chunklist.m3u8,https://il.mahidol.ac.th/upload/img/2020-11-08-074028.jpg,1002
TPBS,1.Digital.TV,http://thaipbs-live.cdn.byteark.com/live/playlist_1080p/index.m3u8,http://thaiip.tv/tvlogo2/3.png,1003
TPBS,1.Digital.TV,https://www.livedoomovies.com/02_THAIPBS_720p/chunklist.m3u8,http://thaiip.tv/tvlogo2/3.png,1003
TPBS(FHD),1.Digital.TV,https://thaipbs-live.cdn.byteark.com/live/playlist_1080p/index.m3u8,https://il.mahidol.ac.th/upload/img/2020-11-08-074157.jpg,1003
ALTV4,1.Digital.TV,https://thaipbs-ujxrch.cdn.byteark.com/live/playlist.m3u8,http://thaiip.tv/tvlogo2/altv4.png,1004
ALTV4,1.Digital.TV,https://thaipbs-ujxrch.cdn.byteark.com/live/playlist_1080p/index.m3u8,https://il.mahidol.ac.th/upload/img/2020-11-03-013103.jpg,1004
ParliamentTV,1.Digital.TV,http://49.231.66.85:1935/live/tptv/playlist.m3u8,http://thaiip.tv/tvlogo2/10.png,1010
TNN,1.Digital.TV,https://doofootball.livestream-cdn.com/iptv/sd-tnn24.stream/playlist.m3u8,http://thaiip.tv/tvlogo2/16.png,1016
NEW18,1.Digital.TV,http://live2.dootvde.com/live/50011_news_tv.stream.smil/playist.m3u8,https://il.mahidol.ac.th/upload/img/2020-09-04-075913.jpg,1018
NEW18,1.Digital.TV,https://edge6a.v2h-cdn.com/m2i1/NEW.stream_720p/playlist.m3u8,https://il.mahidol.ac.th/upload/img/2020-09-04-075913.jpg,1018
NationTV,1.Digital.TV,http://live2.dootvde.com/live/50015_nation.stream.smil/playist.m3u8,https://il.mahidol.ac.th/upload/img/2020-11-08-081440.jpg,1022
WORKPOINT,1.Digital.TV,http://27.254.130.56:80/live01/ch7.m3u8,https://il.mahidol.ac.th/upload/img/2020-11-08-074753.jpg,1023
WORKPOINT,1.Digital.TV,http://live2.dootvde.com/live/50016_workpoint_tv.stream.smil/playist.m3u8,https://il.mahidol.ac.th/upload/img/2020-11-08-074753.jpg,1023
true4U,1.Digital.TV,http://183.182.100.184/live/true4u/chunklist.m3u8,http://thaiip.tv/tvlogo2/24.png,1024
GMM25,1.Digital.TV,http://183.182.100.184/live/mcothd/playlist.m3u8,https://il.mahidol.ac.th/upload/img/2020-11-08-074623.jpg,1025
GMM25,1.Digital.TV,http://27.254.130.56:80/live01/ch11.m3u8,https://il.mahidol.ac.th/upload/img/2020-11-08-074623.jpg,1025
GMM25,1.Digital.TV,http://live2.dootvde.com/live/50018_gmm.stream.smil/playist.m3u8,https://il.mahidol.ac.th/upload/img/2020-11-08-074623.jpg,1025
CH8,1.Digital.TV,https://doofootball.livestream-cdn.com/iptv/hd-ch8.stream/playlist.m3u8,https://il.mahidol.ac.th/upload/img/2020-11-08-074848.jpg,1027
CH8,1.Digital.TV,http://stream.rs.co.th/ch8-hi/index.m3u8,https://il.mahidol.ac.th/upload/img/2020-11-08-074848.jpg,1027
MONO29,1.Digital.TV,http://27.254.130.56:80/live01/ch3.m3u8,https://upload.wikimedia.org/wikipedia/commons/d/d5/Mono_29_Logo.png,1029
MONO29,1.Digital.TV,https://59ffdfa4495c3.streamlock.net/MONO29_HLS_1080P/mono29hls_1080TH.stream/chunklist.m3u8,https://upload.wikimedia.org/wikipedia/commons/d/d5/Mono_29_Logo.png,1029
MONO29,1.Digital.TV,https://edge2-bkk.3bb.co.th:9443/MONO29_HLS_1080P/mono29hls_1080TH.stream/chunklist_w1578972109.m3u8,http://thaiip.tv/tvlogo2/29.png,1029
MONO29,1.Digital.TV,https://edge2-bkk.3bb.co.th:9443/MONO29_HLS_1080P/mono29hls_1080TH.stream/chunklist.m3u8,https://upload.wikimedia.org/wikipedia/commons/d/d5/Mono_29_Logo.png,1029
MCOTHD,1.Digital.TV,http://mcotdigital-pnnouc.cdn.byteark.com/mcothd1080p_edge/smil:mcothd1080p.smil/chunklist.m3u8,https://il.mahidol.ac.th/upload/img/2020-11-08-073941.jpg,1030
MCOTHD,1.Digital.TV,https://www.livedoomovies.com/02_MCOTHD_720p/chunklist.m3u8,https://il.mahidol.ac.th/upload/img/2020-11-08-073941.jpg,1030
MCOTHD,1.Digital.TV,https://doofootball.livestream-cdn.com/iptv/hd-mcot.stream/playlist.m3u8,https://il.mahidol.ac.th/upload/img/2020-11-08-073941.jpg,1030
ONE,1.Digital.TV,http://live2.dootvde.com/live/50022_one_hd.stream.smil/playist.m3u8,https://il.mahidol.ac.th/upload/img/2020-10-01-073106.jpg,1031
ONE,1.Digital.TV,https://one31-rlbwkq.cdn.byteark.com/live/playlist_480p/index.m3u8,http://thaiip.tv/tvlogo2/31.png,1031
ONE,1.Digital.TV,https://doofootball.livestream-cdn.com/iptv/hd-gmmone.stream/playlist.m3u8,https://il.mahidol.ac.th/upload/img/2020-10-01-073106.jpg,1031
ThairathTV,1.Digital.TV,https://www.livedoomovies.com/02_THAIRATH_720p/chunklist.m3u8,https://il.mahidol.ac.th/upload/img/2020-11-08-074238.jpg,1032
ThairathTV,1.Digital.TV,http://live.thairath.co.th/trtv2/playlist_720p/index.m3u8,https://il.mahidol.ac.th/upload/img/2020-11-08-074238.jpg,1032
CH3,1.Digital.TV,https://www.livedoomovies.com/02_3HD_720p/chunklist.m3u8,https://il.mahidol.ac.th/upload/img/2020-10-01-073043.jpg,1033
CH3,1.Digital.TV,http://live2.dootvde.com/live/50001_ch3.stream.smil/playist.m3u8,https://il.mahidol.ac.th/upload/img/2020-10-01-073043.jpg,1033
CH3,1.Digital.TV,http://119.59.125.74/stream/totnew.php?channel_id=a4485b656d764f308c63b14a8bf62326,https://il.mahidol.ac.th/upload/img/2020-10-01-073043.jpg,1033
AmarinTV,1.Digital.TV,http://live2.dootvde.com/live/50025_amarin_tv_hd.stream.smil/playist.m3u8,https://il.mahidol.ac.th/upload/img/2020-10-01-073317.jpg,1034
CH7,1.Digital.TV,http://119.59.125.74/stream/totnew.php?channel_id=ddfa47e726444446864b14e0e819fdde&.m3u,http://thaiip.tv/tvlogo2/35.png,1035
CH7,1.Digital.TV,http://edge160.bugaboo.tv/liveedgech7_partner/smil:auto.smil/chunklist_b1210000_sleng.m3u8,https://il.mahidol.ac.th/upload/img/2020-10-01-073150.jpg,1035
PPTV,1.Digital.TV,http://live2.dootvde.com/live/50026_pptv_hd.stream.smil/playist.m3u8,https://il.mahidol.ac.th/upload/img/2020-11-08-074500.jpg,1036
DLTV1 ประถมศึกษาปีที่ 1,1.Digital.TV,https://dltv-live-edge.catcdn.cloud/dltv01_720p/index.m3u8,https://dltv.ac.th/upload/data/channels/01_channel_logo.png,1100
DLTV2 ประถมศึกษาปีที่ 2,1.Digital.TV,https://dltv-live-edge.catcdn.cloud/dltv02_720p/index.m3u8,https://dltv.ac.th/upload/data/channels/02_channel_logo.png,1101
DLTV3 ประถมศึกษาปีที่ 3,1.Digital.TV,https://dltv-live-edge.catcdn.cloud/dltv03_720p/index.m3u8,https://dltv.ac.th/upload/data/channels/03_channel_logo.png,1102
DLTV4 ประถมศึกษาปีที่ 4,1.Digital.TV,https://dltv-live-edge.catcdn.cloud/dltv04_720p/index.m3u8,https://dltv.ac.th/upload/data/channels/04_channel_logo.png,1103
DLTV5 ประถมศึกษาปีที่ 5,1.Digital.TV,https://dltv-live-edge.catcdn.cloud/dltv05_720p/index.m3u8,https://dltv.ac.th/upload/data/channels/05_channel_logo.png,1104
DLTV6 ประถมศึกษาปีที่ 6,1.Digital.TV,https://dltv-live-edge.catcdn.cloud/dltv06_720p/index.m3u8,https://dltv.ac.th/upload/data/channels/06_channel_logo.png,1105
DLTV7 มัธยมศึกษาปีที่ 1,1.Digital.TV,https://dltv-live-edge.catcdn.cloud/dltv07_720p/index.m3u8,https://dltv.ac.th/upload/data/channels/07_channel_logo.png,1106
DLTV8 มัธยมศึกษาปีที่ 2,1.Digital.TV,https://dltv-live-edge.catcdn.cloud/dltv08_720p/index.m3u8,https://dltv.ac.th/upload/data/channels/08_channel_logo.png,1107
DLTV9 มัธยมศึกษาปีที่ 3,1.Digital.TV,https://dltv-live-edge.catcdn.cloud/dltv09_720p/index.m3u8,https://dltv.ac.th/upload/data/channels/09_channel_logo.png,1108
DLTV10 อนุบาลศึกษาปีที่ 1,1.Digital.TV,https://dltv-live-edge.catcdn.cloud/dltv10_720p/index.m3u8,https://dltv.ac.th/upload/data/channels/10_channel_logo.png,1109
DLTV11 อนุบาลศึกษาปีที่ 2,1.Digital.TV,https://dltv-live-edge.catcdn.cloud/dltv11_720p/index.m3u8,https://dltv.ac.th/upload/data/channels/11_channel_logo.png,1110
DLTV12 อนุบาลศึกษาปีที่ 3,1.Digital.TV,https://dltv-live-edge.catcdn.cloud/dltv12_720p/index.m3u8,https://dltv.ac.th/upload/data/channels/12_channel_logo.png,1111
DLTV13 อาชีวศึกษา,1.Digital.TV,https://dltv-live-edge.catcdn.cloud/dltv13_720p/index.m3u8,https://dltv.ac.th/upload/data/channels/13_channel_logo.png,1112
DLTV14 อุดมศึกษา,1.Digital.TV,https://dltv-live-edge.catcdn.cloud/dltv14_720p/index.m3u8,https://dltv.ac.th/upload/data/channels/14_channel_logo.png,1113
DLTV15 ภาษาต่างประเทศ,1.Digital.TV,https://dltv-live-edge.catcdn.cloud/dltv15_720p/index.m3u8,https://dltv.ac.th/upload/data/channels/15_channel_logo.png,1114
ETV,1.Digital.TV,http://150.95.66.20:1935/live/livestream/playlist.m3u8,http://thaiip.tv/tvlogo2/tech.png,1115
VoiceTV,1.Digital.TV,https://edge6a.v2h-cdn.com/appt3/WOWSH.stream_720p/playlist.m3u8,https://upload.wikimedia.org/wikipedia/commons/4/4d/VoiceTV.png,1200
BlueSky Channel,1.Digital.TV,https://5f0a709b4c40f.streamlock.net/blueskychannel/blueskychannel/chunklist_w742536582.m3u8,https://upload.wikimedia.org/wikipedia/th/thumb/f/f6/Bluesky_channel.jpg/220px-Bluesky_channel.jpg,1201
BlueSky Channel,1.Digital.TV,https://5f0a709b4c40f.streamlock.net/blueskychannel/blueskychannel/chunklist_w562158773.m3u8,http://thaiip.tv/tvlogo2/bluesky.png,1201
HBO,2.Movies,https://www.livedoomovies.com/02_HBOHD_720p/chunklist.m3u8,https://blob.panzoid.com/creation-thumbnails/97670.jpg,2000
HBO,2.Movies,https://liveorigin01.hbogoasia.com:8443/origin/live/main/HBO/index.m3u8,https://blob.panzoid.com/creation-thumbnails/97670.jpg,2000
HBO,2.Movies,https://dootvgun.com/hbotv/hbohd/playlist.m3u8,https://blob.panzoid.com/creation-thumbnails/97670.jpg,2000
HBO,2.Movies,https://www.we-play.tv/watching/tv/hbo-hd,https://blob.panzoid.com/creation-thumbnails/97670.jpg,2000
HBO,2.Movies,https://dootvthai-hd.com/cmd/ThaiDreambox/hbo/hbohd/playlist.m3u8,https://blob.panzoid.com/creation-thumbnails/97670.jpg,2000
HBO Family,2.Movies,https://liveorigin01.hbogoasia.com:8443/origin/live/main/FAMILY/index.m3u8,https://il.mahidol.ac.th/upload/img/2020-08-04-071906.jpg,2001
HBO Family,2.Movies,https://dootvgun.com/hbotv/hbofam/playlist.m3u8,https://il.mahidol.ac.th/upload/img/2020-08-04-071906.jpg,2001
HBO Hits,2.Movies,https://www.livedoomovies.com/02_HBOHit_720p/chunklist.m3u8,https://www.doomovie-hd.com/assets/img/ch_logo/hd-hbohits.jpg,2002
HBO Hits,2.Movies,https://liveorigin01.hbogoasia.com:8443/origin/live/main/HITS/index.m3u8,https://www.doomovie-hd.com/assets/img/ch_logo/hd-hbohits.jpg,2002
HBO Hits,2.Movies,https://dootvgun.com/hbotv/hbohits/playlist.m3u8,https://www.doomovie-hd.com/assets/img/ch_logo/hd-hbohits.jpg,2002
HBO Signature,2.Movies,https://liveorigin01.hbogoasia.com:8443/origin/live/main/SIG/index.m3u8,https://upload.wikimedia.org/wikipedia/commons/a/af/HBO_Signature_Asia.png,2003
HBO Signature,2.Movies,https://dootvgun.com/hbotv/hbosig/playlist.m3u8,https://upload.wikimedia.org/wikipedia/commons/a/af/HBO_Signature_Asia.png,2003
HBO Signature,2.Movies,https://www.we-play.tv/watching/tv/hbo-signature,https://upload.wikimedia.org/wikipedia/commons/a/af/HBO_Signature_Asia.png,2003
Red by HBO,2.Movies,https://liveorigin01.hbogoasia.com:8443/origin/live/main/RED/index.m3u8,https://www.doomovie-hd.com/assets/img/ch_logo/hd-screenred.jpg,2004
Red by HBO,2.Movies,https://dootvgun.com/hbotv/hbored/playlist.m3u8,https://www.doomovie-hd.com/assets/img/ch_logo/hd-screenred.jpg,2004
Cinemax,2.Movies,https://dootvgun.com/hbotv/hbomax/playlist.m3u8,https://upload.wikimedia.org/wikipedia/commons/f/f0/611-cinemax.png,2005
Cinemax,2.Movies,https://liveorigin01.hbogoasia.com:8443/origin/live/main/MAX/index.m3u8,https://upload.wikimedia.org/wikipedia/commons/f/f0/611-cinemax.png,2005
Warner,2.Movies,http://203.154.243.89:1205,https://il.mahidol.ac.th/upload/img/2020-11-10-024952.jpg,2005
Warner,2.Movies,https://www.livedoomovies.com/02_WarnerTVHD_720p/chunklist.m3u8,https://www.lyngsat.com/logo/tv/ww/warner_tv_us.png,2005
FOX MOVIES,2.Movies,https://www.livedoomovies.com/02_FoxMoviesHD_720p/chunklist.m3u8,https://www.doomovie-hd.com/assets/img/ch_logo/hd-foxpremium.png,2006
FOX MOVIES,2.Movies,https://www.livedoomovies.com/02_FoxMoviesTH_720p/chunklist.m3u8,https://www.doomovie-hd.com/assets/img/ch_logo/hd-foxpremium.png,2006
Fox Thai,2.Movies,https://www.livedoomovies.com/02_FoxThai_TH_720p/chunklist.m3u8,https://il.mahidol.ac.th/upload/img/2020-11-08-075841.jpg,2007
Fox Thai,2.Movies,http://160.119.77.116:8081/iptv/sd-fox.stream/playlist.m3u8,https://il.mahidol.ac.th/upload/img/2020-11-08-075841.jpg,2007
Fox Thai,2.Movies,https://doofootball.livestream-cdn.com/iptv/sd-fox.stream/playlist.m3u8,https://il.mahidol.ac.th/upload/img/2020-11-08-075841.jpg,2007
Fox Action,2.Movies,https://doofootball.livestream-cdn.com/iptv/hd-foxaction.stream/playlist.m3u8,https://www.doomovie-hd.com/assets/img/ch_logo/hd-foxaction.png,2008
Fox Action,2.Movies,https://www.livedoomovies.com/02_FoxActionHD_TH_720p/chunklist.m3u8,https://www.doomovie-hd.com/assets/img/ch_logo/hd-foxaction.png,2008
Fox Crime,2.Movies,http://160.119.77.50/iptv/hd-foxcrimeeng.stream/playlist.m3u8,https://ftpmirror.your.org/pub/wikimedia/images/wikipedia/id/5/50/Fox-Crime.png,2009
Fox Family,2.Movies,https://we-play.tv/watching/tv/fox-family-movies,https://www.freetv-thai.com/wp-content/uploads/2018/03/images-2.png,2010
Fox Family,2.Movies,https://www.livedoomovies.com/02_FoxFamilyHD_TH_720p/chunklist.m3u8,https://www.freetv-thai.com/wp-content/uploads/2018/03/images-2.png,2010
Fox Life,2.Movies,https://www.we-play.tv/watching/tv/fox-life,https://www.we-play.tv//uploads/posters/-poster1602704516.jpeg,2011
Fox Life,2.Movies,https://doofootball.livestream-cdn.com/iptv/hd-foxlife.stream/chunks.m3u8,https://www.we-play.tv//uploads/posters/-poster1602704516.jpeg,2011
AXN,2.Movies,https://doofootball.livestream-cdn.com/iptv/hd-axn.stream/playlist.m3u8,https://www.lyngsat.com/logo/tv/aa/axn_east_asia.png,2012
&FlixHd,2.Movies,https://y5w8j4a9.ssl.hwcdn.net/andflixhd/tracks-v1a1/index.m3u8,https://encrypted-tbn0.gstatic.com/images?q=tbn%3AANd9GcTok84GbwFSi9l3qYc4KaHZNoEMHtQaMjh46el3e77M6YsOMssw&usqp=CAU,2013
&PriveHd,2.Movies,https://y5w8j4a9.ssl.hwcdn.net/andprivehd/tracks-v1a1/index.m3u8,https://encrypted-tbn0.gstatic.com/images?q=tbn%3AANd9GcREtBfjW210fg6jxp7rqXNYivMGTs35g24enfDNLwicMw6SbTk4&usqp=CAU,2014
American Horrors,2.Movies,http://170.178.189.66:1935/live/Stream1/chunklist_w1292014337.m3u8,https://americanhorrors.com/wp-content/uploads/2017/05/advertise-with-american-horrors.png,2015
BLUEANT ENTERTAINMENT,2.Movies,https://www.we-play.tv/watching/tv/blueant-entertainment,https://cmsimgservices.dmpcdn.com/v1/resize?url=https%3A%2F%2Fcms.dmpcdn.com%2Flivetv%2F2018%2F12%2F17%2F886f43a6-7655-4bdc-a4c2-4824667a980f.png&w=320&h=240,2016
BLUEANT EXTREME,2.Movies,https://www.we-play.tv/watching/tv/blueant-extreme,https://www.we-play.tv//uploads/posters/-poster1602704533.jpeg,2017
True Asia Series HD,2.Movies,https://doofootball.livestream-cdn.com/iptv/hd-asian.stream/chunks.m3u8,https://cms.dmpcdn.com/livetv/2019/12/17/6d717a60-2099-11ea-aaf2-eb7e2dada444_320.png,2101
True Asia Series HD,2.Movies,https://www.we-play.tv/watching/tv/true-asian-series-hd,https://cms.dmpcdn.com/livetv/2019/12/17/6d717a60-2099-11ea-aaf2-eb7e2dada444_320.png,2101
True Film HD,2.Movies,https://www.we-play.tv/watching/tv/true-film-hd,http://tvsmagazine.com/images/channels/sm_FILMHD.jpg,2102
True Film HD,2.Movies,https://doomovielive.b-cdn.net/hd-tfilm_720/index.m3u8|Referer=https://doomovie.com,http://tvsmagazine.com/images/channels/sm_FILMHD.jpg,2102
True Thai Film,2.Movies,https://doofootball.livestream-cdn.com/iptv/sd-thaifilm.stream/chunks.m3u8,http://tvsmagazine.com/images/channels/sm_THAIF.jpg,2103
True Thai Film,2.Movies,https://www.we-play.tv/watching/tv/true-thai-film,http://tvsmagazine.com/images/channels/sm_THAIF.jpg,2103
TVB ไทย,2.Movies,https://edge6a.v2h-cdn.com:443/appt7/TDramaTV.stream_720p/iptv-ton.m3u8,https://il.mahidol.ac.th/upload/img/2020-08-11-084652.jpg,2204
TVB ไทย,2.Movies,https://edge6a.v2h-cdn.com/m2a7/TDramaTV.stream_720p/playlist.m3u8,https://il.mahidol.ac.th/upload/img/2020-08-11-084652.jpg,2204
TVB ไทย,2.Movies,https://edge6a.v2h-cdn.com/RE_HD/smil:TVB_HD_ABR.smil/playlist.m3u8,https://il.mahidol.ac.th/upload/img/2020-08-11-084652.jpg,2204
ULTRAHD CINEMA,2.Movies,https://zabava-htlive.cdn.ngenix.net/hls/CH_ULTRAHDCINEMA_HLS/bw6000000/variant.m3u8?offset=-21600,https://www.img.in.th/images/6d409b410384097ab739552ed2928728.jpg,2205
Channel 8,2.Movies,http://54c241893bf39.streamlock.net:1935/ch8/ch8/chunklist.m3u8,http://www.channel8thailand.com/img/18378709_1492777084098686_554998105_o.png,2300
CTB,2.Movies,http://vip.login.in.th:1935/CTB/CTB/playlist.m3u8,https://il.mahidol.ac.th/upload/img/2020-09-01-020855.jpg,2301
FILMRISE,2.Movies,https://dai2.xumo.com/xumocdn/p=roku/amagi_hls_data_xumo1212A-filmrisefreemovies/CDN/1280x720_5000000/chunklist.m3u8,https://blog.tivo.com/wp-content/uploads/2020/03/frmovies-1-300x300-1024x1024.jpg,2303
FILMRISE Sci-Fi,2.Movies,http://dai2.xumo.com/xumocdn/p=roku/amagi_hls_data_xumo1212A-rokufilmrisesci-fi/CDN/master.m3u8,https://image.roku.com/developer_channels/prod/2ece48481d5191baae1d3dc550fe6c99ed59f7f87d90c096ab4ab8a9021efb89.png,2304
Hi Yah!(หนังจีน),2.Movies,https://dai2.xumo.com/amagi_hls_data_xumo1212A-redboxhi-ya/CDN/1280x720_5000000/index.m3u8,https://encrypted-tbn0.gstatic.com/images?q=tbn%3AANd9GcSfZgc8zGQD1O3B3lVAiWYIMzHU89GCC6u4ZXL48Fm7Jho61-4i&usqp=CAU,2306
Hits,2.Movies,https://www.livedoomovies.com/02_HITS_720p/chunklist.m3u8,https://kplus-website-production-cdn.azureedge.net/content/upload/1/images-mkt/hits-channel-logo.png,2307
Hits,2.Movies,https://www.we-play.tv/watching/tv/hits,https://kplus-website-production-cdn.azureedge.net/content/upload/1/images-mkt/hits-channel-logo.png,2308
Hits Movies,2.Movies,https://www.livedoomovies.com/02_HITSMOVIE_720p/chunklist.m3u8,https://www.hitstv.com/assets/logo-HITSMOVIES.png,2309
Hits Movies,2.Movies,https://www.we-play.tv/watching/tv/fox-movies,https://www.hitstv.com/assets/logo-HITSMOVIES.png,2310
JKN TV,2.Movies,https://edge6a.v2h-cdn.com/m2i4/JKN.stream_720p/playlist.m3u8,https://encrypted-tbn0.gstatic.com/images?q=tbn%3AANd9GcTyUK0kIr3-o_gvGhbebOKxNnIoH0AdSlxv1Q&usqp=CAU,2311
JKN TV,2.Movies,https://www.livedoomovies.com/02_JKN_480p/chunklist.m3u8,https://encrypted-tbn0.gstatic.com/images?q=tbn%3AANd9GcTyUK0kIr3-o_gvGhbebOKxNnIoH0AdSlxv1Q&usqp=CAU,2312
M Channel,2.Movies,http://www.m-channel.com:1935/live/my_stream.sdp/chunklist_w439724723.m3u8,http://www.xn--l3cgga3dk6ba3eb4b5joe.net/wp-content/uploads/2012/02/m-channel.jpg,2314
M Channel,2.Movies,http://www.m-channel.com:1935/live/my_stream.sdp/playlist.m3u8,http://www.xn--l3cgga3dk6ba3eb4b5joe.net/wp-content/uploads/2012/02/m-channel.jpg,2314
M Channel,2.Movies,http://27.254.130.61/live01/ch19.m3u8?p=st,http://www.xn--l3cgga3dk6ba3eb4b5joe.net/wp-content/uploads/2012/02/m-channel.jpg,2314
M Channel,2.Movies,http://www.m-channel.com:1935/live/my_stream.sdp/chunklist_w1568234806.m3u8,http://thaiip.tv/tvlogo2/m.png,2314
Mono Plus,2.Movies,http://110.164.95.230:1935/Edge_Cloudiptv_Authen/cloudiptv_monoplus_live1.stream/chunklist_w282266064.m3u8,https://www.doohdbox.com/assets/201801301516261971647980.jpg,2317
Movie Kingdom,2.Movies,https://a.jsrdn.com/broadcast/e9b4093a41/+0000/c.m3u8,https://encrypted-tbn0.gstatic.com/images?q=tbn%3AANd9GcRVTbCqM7Prwk_78ftbLR5PuIezLhD9pFizDDwnO1UCLVQe6_5j&usqp=CAU,2318
Paramount Channel,2.Movies,https://www.we-play.tv/watching/tv/paramount-channel,https://upload.wikimedia.org/wikipedia/en/thumb/5/59/Paramount_Channel.svg/400px-Paramount_Channel.svg.png,2319
Screamfest,2.Movies,https://vcnleomarkstudios.teleosmedia.com/stream/leomarkstudios/screamfest/seglist_720p.m3u8,https://encrypted-tbn0.gstatic.com/images?q=tbn%3AANd9GcSman15dlwm45o0ZqwCPJ0FSjJ-G9t5W2AgD6hNZ1EdIkxlx4ZR&usqp=CAU,2320
SONY MOVIES,2.Movies,http://51.52.156.22:8888/http/009,https://il.mahidol.ac.th/upload/img/2020-07-27-083346.jpg,2321
CCM,2.Movies,https://streaming.livescorethai.net/iptv/sd-celestial.stream/chunks.m3u8?wmsAuthSign=c2VydmVyX3RpbWU9My8xMC8yMDIwIDY6Mjg6MDEgQU0maGFzaF92YWx1ZT0xY0RZT3RydjNwdk9JRjROcGhJbU1RPT0mdmFsaWRtaW51dGVzPTIwJnN0cm1fbGVuPTIw,https://www.lyngsat.com/logo/tv/cc/celestial-classic-movies-hk.png,EPG N/A
CCM,2.Movies,https://www.we-play.tv/watching/tv/ccm,https://www.lyngsat.com/logo/tv/cc/celestial-classic-movies-hk.png,EPG N/A
TVN,2.Movies,https://www.we-play.tv/watching/tv/tvn,https://i.imgur.com/fUSOtKO.png,EPG N/A
Discovery,3.Documentary,https://we-play.tv/watching/tv/discovery-channel,https://p.kindpng.com/picc/s/452-4527470_discovery-logo-de-discovery-channel-hd-png-download.png,3001
Discovery,3.Documentary,https://www.livedoomovies.com/02_DiscoveryChannel/chunklist.m3u8,https://p.kindpng.com/picc/s/452-4527470_discovery-logo-de-discovery-channel-hd-png-download.png,3001
Discovery Asia,3.Documentary,https://www.livedoomovies.com/02_DiscoveryHDWorld/chunklist.m3u8,https://il.mahidol.ac.th/upload/img/2020-10-22-083429.jpg,3002
Discovery Asia,3.Documentary,https://we-play.tv/watching/tv/discovery-asia,https://il.mahidol.ac.th/upload/img/2020-10-22-083429.jpg,3002
Discovery Asia,3.Documentary,https://doofootball.livestream-cdn.com:443/iptv/hd-discovery.stream/chunks.m3u8,https://il.mahidol.ac.th/upload/img/2020-10-22-083429.jpg,3002
BBC earth,3.Documentary,https://www.livedoomovies.com/02_BBCEARTH_720p/chunklist.m3u8,https://upload.wikimedia.org/wikipedia/en/4/44/BBC_Earth_logo.png,3003
BBC earth,3.Documentary,https://doofootball.livestream-cdn.com/iptv/sd-bbcearth.stream/chunks.m3u8,https://www.doofree88.com/storage/live/8Szd1BNfaiLdkcWNR0ATyhjwmC1CnNQ0bu3CEjsX.png,3003
BBC lifestyle,3.Documentary,https://doofootball.livestream-cdn.com/iptv/sd-bbclifestyle.stream/chunks.m3u8,https://upload.wikimedia.org/wikipedia/commons/thumb/b/ba/BBC_Lifestyle2.svg/1200px-BBC_Lifestyle2.svg.png,3004
animal planet,3.Documentary,https://www.livedoomovies.com/02_AnimalPlanet/chunklist.m3u8,https://www.cromosmexico.com/blog/wp-content/uploads/2018/10/Captura-de-pantalla-2018-10-19-a-las-11.44.27.png,3005
animal planet HD,3.Documentary,https://www.we-play.tv/watching/tv/animal-planet,https://www.cromosmexico.com/blog/wp-content/uploads/2018/10/Captura-de-pantalla-2018-10-19-a-las-11.44.27.png,3005
HISTORY,3.Documentary,https://we-play.tv/watching/tv/history-hd,https://il.mahidol.ac.th/upload/img/2020-08-13-125322.jpg,3006
HISTORY,3.Documentary,https://www.livedoomovies.com/02_HISTORYHD_720p/chunklist.m3u8,https://il.mahidol.ac.th/upload/img/2020-08-13-125322.jpg,3006
H2 HISTORY,3.Documentary,https://www.livedoomovies.com/02_H2HD_720p/chunklist.m3u8,https://il.mahidol.ac.th/upload/img/2020-08-13-125352.jpg,3007
H2 HISTORY,3.Documentary,https://www.we-play.tv/watching/tv/history-h2,https://il.mahidol.ac.th/upload/img/2020-08-13-125352.jpg,3007
LOVENATURE (RU),3.Documentary,http://a787201483-zabava-htlive.cdn.ngenix.net/hls/CH_LOVENATURE4K_HLS/bw6000000/playlist.m3u8,https://il.mahidol.ac.th/upload/img/2020-10-22-034423.jpg,3008
LOVENATURE (RU),3.Documentary,http://zabava-htlive.cdn.ngenix.net/hls/CH_LOVENATURE4K_HLS/bw6000000/variant.m3u8,https://il.mahidol.ac.th/upload/img/2020-10-22-034423.jpg,3008
LOVENATURE 4K,3.Documentary,https://www.we-play.tv/watching/tv/lovenature-4k,https://cmsimgservices.dmpcdn.com/v1/resize?url=https%3A%2F%2Fcms.dmpcdn.com%2Flivetv%2F2019%2F01%2F30%2F372c7a74-9900-4e7a-8e7b-62e13cf86ed3.png&w=320&h=240,3008
NAT GEO WILD,3.Documentary,https://www.we-play.tv/watching/tv/nat-geo-wild,https://img.favpng.com/12/20/21/logo-nat-geo-wild-national-geographic-television-channel-png-favpng-X5cTr0eRJi2b96GK1s1x1nBAK.jpg,3010
NAT GEO WILD,3.Documentary,https://www.livedoomovies.com/02_NatGeoWild_TH_720p/chunklist.m3u8,https://img.favpng.com/12/20/21/logo-nat-geo-wild-national-geographic-television-channel-png-favpng-X5cTr0eRJi2b96GK1s1x1nBAK.jpg,3010
NATIONAL GEOGRAPHIC,3.Documentary,https://www.livedoomovies.com/02_NatGeoHD_TH_720p/chunklist.m3u8,http://www.chang55.com/movie/upload/movie_img/NATIONAL-GEOGRAPHIC-THA-CH1_Thumb_19124f1b63578644c57212a01a153d9f.png,3011
NATIONAL GEOGRAPHIC,3.Documentary,https://www.we-play.tv/watching/tv/national-geographic,http://www.chang55.com/movie/upload/movie_img/NATIONAL-GEOGRAPHIC-THA-CH1_Thumb_19124f1b63578644c57212a01a153d9f.png,3011
TLC HD,3.Documentary,https://www.we-play.tv/watching/tv/tlc-hd,https://upload.wikimedia.org/wikipedia/commons/thumb/7/72/TLC-HD-Logo_2016.svg/505px-TLC-HD-Logo_2016.svg.png,3012
The Outdoor,3.Documentary,http://edge1.tikilive.com:1935/unrestricted_tikilive/25947/amlst:NWKlw6jwyXpz/chunklist_w981409619_b1105254.m3u8?fluxustv.m3u8,https://upload.wikimedia.org/wikipedia/commons/thumb/8/89/Outdoor_Channel.svg/1024px-Outdoor_Channel.svg.png,3016
PSI SARADEE99,3.Documentary,http://96.30.124.100:1935/edgepsi/PSIHD.stream_720p/playlist.m3u8,https://il.mahidol.ac.th/upload/img/2020-11-03-015921.jpg,3018
PSI SARADEE99,3.Documentary,http://96.30.124.99:1935/edgepsi/PSIHD.stream_720p/chunklist.m3u8,https://il.mahidol.ac.th/upload/img/2020-11-03-015921.jpg,3018
Asain Food Chanel,3.Documentary,https://www.we-play.tv/watching/tv/asian-food-channel,https://cms.dmpcdn.com/livetv/2019/11/29/adbcb600-1254-11ea-9794-5b629f5f6313_320.png,3020
food network,3.Documentary,https://www.we-play.tv/watching/tv/food-network,https://i.imgur.com/cVIRE47.png,3020
DOCURAMA,3.Documentary,https://cinedigm.vo.llnwd.net/conssui/amagi_hls_data_xumo1234A-docuramaA/CDN/1920x1080_4528000/chunklist.m3u8,https://upload.wikimedia.org/wikipedia/en/thumb/c/c2/Docurama_Logo_August_2015.jpg/220px-Docurama_Logo_August_2015.jpg,3021
true EXPLORE LIFE,3.Documentary,https://doofootball.livestream-cdn.com/iptv/sd-explife.stream/chunks.m3u8,https://cmsimgservices.dmpcdn.com/v1/resize?url=https%3A%2F%2Fcms.dmpcdn.com%2Flivetv%2F2018%2F12%2F17%2F9cf5341f-b7c1-475e-8644-1ccb91f0ae2a.png&w=320&h=240,3022
true EXPLORE Sci,3.Documentary,https://doofootball.livestream-cdn.com/iptv/sd-expsci.stream/chunks.m3u8,https://cms.dmpcdn.com/livetv/2018/12/17/76f8506f-b775-4a6f-ba79-752ecb8ee516.png,3023
true EXPLORE Wild,3.Documentary,https://doofootball.livestream-cdn.com/iptv/sd-expwild.stream/chunks.m3u8,https://f.ptcdn.info/334/056/000/p4ow9vaci97tTpCwuD0-o.png,3024
HGTV,3.Documentary,http://iptv.rent:8080/zuq2oqs6d9/bx53a1rcy/14348,https://il.mahidol.ac.th/upload/img/2020-08-05-041342.jpg,3025
ITV 2,3.Documentary,http://51.52.156.22:8888/http/005,https://time4tv.stream/images/itv2-live-stream.jpg,3026
ITV 3,3.Documentary,http://51.52.156.22:8888/http/006,https://time4tv.stream/images/itv3-live-stream.jpg,3027
ITV 4,3.Documentary,http://51.52.156.22:8888/http/007,https://time4tv.stream/images/itv4-live-stream.jpg,3028
FASHION TV MIDNITE,4.Entertainment,http://fash1043.cloudycdn.services/slive/_definst_/ftv_midnite_secrets_adaptive.smil/chunklist_b4700000_t64MTA4MHA=.m3u8,https://il.mahidol.ac.th/upload/img/2020-09-09-025052.jpg,4000
FASHION TV MIDNITE,4.Entertainment,https://fash1043.cloudycdn.services/slive/_definst_/ftv_ftv_midnite_k1y_27049_midnite_secr_108_hls.smil/chunklist_b2800000_t64NzIwcA==.m3u8,https://il.mahidol.ac.th/upload/img/2020-09-09-025052.jpg,4000
FASHION TV MIDNITE,4.Entertainment,http://fash1043.cloudycdn.services/slive/_definst_/ftv_midnite_secrets_adaptive.smil/chunklist.m3u8,https://il.mahidol.ac.th/upload/img/2020-09-09-025052.jpg,4000
FTV.COM,4.Entertainment,http://fash1043.cloudycdn.services/slive/_definst_/ftv_paris_adaptive.smil/chunklist.m3u8,https://pbs.twimg.com/profile_images/1068041512259334146/fHIqp5i3_400x400.jpg,4001
Fashion TV,4.Entertainment,http://lb.streaming.sk/fashiontv/stream/chunklist_w1402273512.m3u8,https://pbs.twimg.com/profile_images/1068041512259334146/fHIqp5i3_400x400.jpg,4002
HD FASHION,4.Entertainment,http://95.67.47.115/hls/hdfashion_ua_hi/index.m3u8,https://il.mahidol.ac.th/upload/img/2020-09-09-025204.jpg,4003
HD FASHION,4.Entertainment,http://95.67.47.115/hls/hdfashion_ua_hi/index.m3u8?xtreamiptv.m3u8,https://il.mahidol.ac.th/upload/img/2020-09-09-025204.jpg,4003
YAERS FASHION TV,4.Entertainment,https://bozztv.com/36bay2/gin/giniko_modelinc_2000kb_36bay2/tracks-v1a1/index.m3u8,https://live-tv-channels.org/pt-data/uploads/logo/us-yaers-fashion-tv-1186.jpg,4004
Playboy TV,4.Entertainment,https://cdn6.goprimetime.info/feed/LC54/index.m3u8,https://sv1.picz.in.th/images/2020/12/01/jkNtPq.png,4005
KALOOPY,4.Entertainment,https://d3kefxscf5gq6l.cloudfront.net/v1/master/9d062541f2ff39b5c0f48b743c6411d25f62fc25/Kaloopy-Website/126.m3u8,https://images.i.thechive.com/profile_image/c70b9670513c6aecde3effaa8818489f.png,4006
HOT,4.Entertainment,http://s846397078.mialojamiento.es/m.php?ch=hot,https://i1.wp.com/www.broadbandtvnews.com/wp-content/uploads/2017/10/Dusk_logo.png?fit=200%2C200&ssl=1&resize=350%2C200,EPG N/A
JASMIN,4.Entertainment,http://109.71.162.112:1935/live/hd.jasminchannel.stream/.m3u8,https://www.parsatv.com/index_files/channels/jasmintv.png,EPG N/A
VENUS,4.Entertainment,http://s846397078.mialojamiento.es/m.php?ch=venushttps://15813114727637862976168173814320.live.prod.hkatv.com/a1_cbr_lo.m3u8,https://vignette.wikia.nocookie.net/logopedia/images/4/48/Logo_venus_out_color.jpg,EPG N/A
ATV(CH),4.Entertainment,https://15813114727637862976168173814320.live.prod.hkatv.com/a1_cbr_lo.m3u8,https://www.hkatv.com/images/atv_logo_200x200.png,EPG N/A
BBC MUSIC FOR YOU,4.Entertainment,http://203.154.243.89:1213,https://il.mahidol.ac.th/upload/img/2020-11-10-025036.jpg,EPG N/A
KBS World,4.Entertainment,http://160.119.77.50/iptv/hd-kbsworld.stream/playlist.m3u8,https://www.lyngsat.com/logo/tv/kk/kbs_world_kr.png,EPG N/A
Luxe TV HD,4.Entertainment,http://58.26.3.56/PLTV/88888888/224/3221226265/02.m3u8,https://il.mahidol.ac.th/upload/img/2020-08-03-125934.jpg,EPG N/A
MV Laos,4.Entertainment,https://edge6a.v2h-cdn.com/appt7/MVLAO.stream_720p/playlist.m3u8,https://www.mvtv.co.th/wp-content/uploads/2019/01/mvlao.jpg,EPG N/A
MV Laos,4.Entertainment,https://edge6a.v2h-cdn.com/m2s7/MVLAO.stream_360p/playlist.m3u8,https://il.mahidol.ac.th/upload/img/2020-08-22-062536.jpg,EPG N/A
MV Myanmar,4.Entertainment,https://edge6a.v2h-cdn.com/appt7/MVM.stream_720p/playlist.m3u8,https://www.mvtv.co.th/wp-content/uploads/2019/01/mvm.jpg,EPG N/A
MVTV,4.Entertainment,https://edge6a.v2h-cdn.com/appt4/MVTV75.stream_720p/playlist.m3u8,https://www.mvtv.co.th/wp-content/uploads/2019/01/mvtv-official-logo.png,EPG N/A
MVTV,4.Entertainment,https://edge6a.v2h-cdn.com/appt4/MVTV75.stream_720p/chunklist_w896738527.m3u8,http://thaiip.tv/tvlogo2/mvtv.png,EPG N/A
Retro Music TV,4.Entertainment,http://592f16fa90d9b.streamlock.net/retrotv/smil:retrotv2.smil/chunklist_w772554622_b750000.m3u8,https://encrypted-tbn0.gstatic.com/images?q=tbn:ANd9GcQohiGd76BirZTYYV7cXvh3vGGSYOHeYDAZqy0O2izZV7p4S4vUe9NARHmO5g&s=10,EPG N/A
SBS Star(KR),4.Entertainment,https://streaming-a-802.cdn.nextologies.com/SBS_18/playlist.m3u8,https://i.imgur.com/S1YWrNd.jpg,EPG N/A
TRUE MUSIC HD,4.Entertainment,https://www.we-play.tv/watching/tv/true-music-hd,http://www.chang55.com/movie/upload/movie_img/TRUE-MUSIC-HD-CH1_Thumb_354a14039b90dd32ad1ea57e7a089962.png,EPG N/A
TRUE MUSIC HD,4.Entertainment,https://www.livedoomovies.com/02_TRUEMUSIC_720p/chunklist.m3u8,http://www.chang55.com/movie/upload/movie_img/TRUE-MUSIC-HD-CH1_Thumb_354a14039b90dd32ad1ea57e7a089962.png,EPG N/A
True X-zyte,4.Entertainment,https://doofootball.livestream-cdn.com/iptv/hd-xzyte.stream/chunks.m3u8,https://cms.dmpcdn.com/livetv/2018/07/24/afc3d514-fba5-4da4-8220-6123412da728.jpg,EPG N/A
ลูกทุ่ง TVHD,4.Entertainment,https://livefta.malimarcdn.com/ftaedge00/lookthoongtv.sdp/playlist.m3u8,https://encrypted-tbn0.gstatic.com/images?q=tbn%3AANd9GcTTac9cFf1TvMV5zgbmbv0sOyQ9RjPDGazMkkqvkNJuEyorn6-T&usqp=CAU,EPG N/A
DJing Dance Floor,4.World Music,https://djing.com/tv/dancefloor.m3u8,https://i.imgur.com/XQ2vMHd.png,EPG N/A
DJing Karaoke,4.World Music,https://www.djing.com/tv/karaoke.m3u8,https://i.imgur.com/XQ2vMHd.png,EPG N/A
DJing Underground,4.World Music,https://www.djing.com/tv/underground.m3u8,https://i.imgur.com/XQ2vMHd.png,EPG N/A
EBC1 TV,4.World Music,https://vsn1-cdn-phx.icastcenter.com/EBC1/EBC1/playlist.m3u8,https://www.livefarsi.com/uploads/tv_image/ebc1-tv.jpg,EPG N/A
EUROAL,4.World Music,http://5.135.92.131:1935/live/euroAl/chunklist.m3u8,https://i.imgur.com/Q1UOlkA.png,EPG N/A
EuroLatina TV,4.World Music,https://limited1.todostreaming.es/live/eurolatina-livestream.m3u8,https://graph.facebook.com/eurolatinatelevision/picture?width=320&height=320,EPG N/A
Fresh TV,4.World Music,https://strm.yandex.ru/kal/fresh/fresh0.m3u8,https://i.imgur.com/Ju3mLgq.png,EPG N/A
Guitar Relax,4.World Music,https://bozztv.com/36bay2/gin/giniko_guitarrelax_2000kb_36bay2/tracks-v1a1/mono.m3u8,Logo N/A,EPG N/A
IBC Music,4.World Music,https://ibcmusic-live.ibctamil.com/transcode/music.m3u8,https://assets.zoftcdn.com/branding/ibctv/ibc-music.png,EPG N/A
La Mega Mundial,4.World Music,https://59514edd5dd8e.streamlock.net/lamegamundial/lamegamundial2/playlist.m3u8,https://graph.facebook.com/lamegaworldwide/picture?width=320&height=320,EPG N/A
Leeeko TV,4.World Music,http://livetvsteam.com:1935/leeeko/leeeko/chunklist.m3u8,https://i.imgur.com/BT6jnfv.jpg,EPG N/A
Lèeekô TV,4.World Music,http://livetvsteam.com:1935/leeeko/leeeko/playlist.m3u8,https://i.imgur.com/96FfLIj.jpg,EPG N/A
m2o TV,4.World Music,https://m2otv-lh.akamaihd.net/i/m2oTv_1@186074/master.m3u8,Logo N/A,EPG N/A
Mastiii,4.World Music,http://103.199.160.85/Content/masthi/Live/Channel(Masthi)/index.m3u8,http://mhdtvworld.com/wp-content/uploads/2018/12/MASTIII.png,EPG N/A
Med Muzîk,4.World Music,http://137.74.205.201/live3/mm-3mbps.m3u8,https://i.ibb.co/t8CpYpP/LcUYuJ5.png,EPG N/A
MOOZ Dance,4.World Music,http://telekomtv-ro.akamaized.net/shls/LIVE$MoozDanceHD/14.m3u8/Level(545259)?start=LIVE&end=END,https://i.imgur.com/fw2fTCA.jpg,EPG N/A
MOOZ HD,4.World Music,http://telekomtv-ro.akamaized.net/shls/LIVE$MoozHD/14.m3u8/Level(545259)?start=LIVE&end=END,https://i.imgur.com/3alPZ8X.jpg,EPG N/A
MOOZ Hits,4.World Music,http://telekomtv-ro.akamaized.net/shls/LIVE$MoozHitsSD/14.m3u8/Level(545259)?start=LIVE&end=END,https://i.imgur.com/K7jP9r1.jpg,EPG N/A
MOOZ RO,4.World Music,http://telekomtv-ro.akamaized.net/shls/LIVE$MoozRoSD/6.m3u8/Level(1677721)?start=LIVE&end=END,https://i.imgur.com/cgJNpv9.png,EPG N/A
Music 24,4.World Music,https://keshethlslive-lh.akamaihd.net/i/24live_1@195271/index_1400_av-b.m3u8,https://i.imgur.com/lBbbPI4.jpg,EPG N/A
Music Top,4.World Music,http://live-edge01.telecentro.net.ar:1935/live/msctphd-720/playlist.m3u8,https://i.imgur.com/dKpLbh6.png,EPG N/A
Nago TV,4.World Music,http://haititivi.com:8088/haititv/tele6NY/index.m3u8,https://i.imgur.com/uisopuM.png,EPG N/A
Nago TV,4.World Music,http://haititivi.com:8088/haititv/tele6NY/tracks-v1a1/index.m3u8,https://i.imgur.com/uisopuM.png,EPG N/A
NG,4.World Music,http://live.streams.ovh:1935/NGradio/NGradio/playlist.m3u8,http://i.imgur.com/pK2p5ey.png,EPG N/A
OTV,4.World Music,http://api.tv.ipnet.ua/api/v1/manifest/1293297500.m3u8,https://i.imgur.com/wCrNtxp.png,EPG N/A
Play TV,4.World Music,http://connectiktv.ddns.net:5000/playtv/@playtv/chunklist.m3u8,http://i.imgur.com/100uuWA.png,EPG N/A
Public Music,4.World Music,http://103.199.161.254/Content/publicmusic/Live/Channel(PublicMusic)/index.m3u8,http://mhdtvworld.com/wp-content/uploads/2018/12/public_music_in.png,EPG N/A
Q-Music,4.World Music,https://dpp-streamlive-plain.medialaancdn.be/qmusic/plain/hls_hd.m3u8,https://i.imgur.com/s0CZjmi.png,EPG N/A
Radio 21 TV,4.World Music,https://api.new.livestream.com/accounts/22300508/events/6675945/live.m3u8,https://i.imgur.com/ubEUBmB.png,EPG N/A
Radio Contact Vision,4.World Music,https://contact-lh.akamaihd.net/i/CONTACT_1@321283/master.m3u8,https://i.ibb.co/4jfSTKz/contact.jpg,EPG N/A
Radio Italia Vision,4.World Music,https://livetr.teleromagna.it/lifestyle/live/playlist.m3u8,Logo N/A,EPG N/A
true X-ZYTE,5.Variety,https://www.we-play.tv/watching/tv/true-xzyte,https://il.mahidol.ac.th/upload/img/2020-08-13-010536.jpg,5000
true X-ZYTE,5.Variety,https://doofootball.livestream-cdn.com/iptv/hd-xzyte.stream/playlist.m3u8,https://il.mahidol.ac.th/upload/img/2020-08-13-010536.jpg,5000
Arirang Korea,5.Variety,http://amdlive.ctnd.com.edgesuite.net/arirang_1ch/smil:arirang_1ch.smil/chunklist_b3256000_sleng.m3u8,https://www.doofree88.com/storage/live/ONZABRxe59xTjcpNrHUve67q67LDpb9KaEtp6TwQ.png,5001
Arirang Korea,5.Variety,http://amdlive-ch01.ctnd.com.edgesuite.net/arirang_1ch/smil:arirang_1ch.smil/playlist.m3u8,https://www.doofree88.com/storage/live/ONZABRxe59xTjcpNrHUve67q67LDpb9KaEtp6TwQ.png,5001
69 สื่อออนไลน์ TV,5.Variety,https://edge6a.v2h-cdn.com/m2a7/MediaOnline.stream_360p/playlist.m3u8,https://il.mahidol.ac.th/upload/img/2020-08-22-061157.jpg,EPG N/A
AonzonTV,5.Variety,https://edge6a.v2h-cdn.com/m2a3/AonZon.stream_360p/playlist.m3u8,https://il.mahidol.ac.th/upload/img/2020-08-22-061541.jpg,EPG N/A
BOONNIYOM TV,5.Variety,http://live.boonniyom.tv:1935/live/bntvsd/playlist.m3u8,http://thaiip.tv/tvlogo2/boonniyom.png,EPG N/A
CAT HD,5.Variety,https://cdn6.goprimetime.info/feed/CAT/index.m3u8,https://il.mahidol.ac.th/upload/img/2020-09-20-062235.jpg,EPG N/A
JASMIN TV,5.Variety,http://109.71.162.112:1935/live/hd.jasminchannel.stream/playlist.m3u8,https://il.mahidol.ac.th/upload/img/2020-11-03-014708.jpg,EPG N/A
SABAIDEE TV,5.Variety,http://stream.rs.co.th/sbd-hi/index.m3u8,http://thaiip.tv/tvlogo2/sabai.png,EPG N/A
Smart SME,5.Variety,https://ssme-zujawl.cdn.byteark.com/live/playlist_720p/index.m3u8,http://thaiip.tv/tvlogo2/sme.png,EPG N/A
Yateem TV (New!),5.Variety,https://vdo.plathong.net/wowza/muslimonair1/live/playlist.m3u8,https://encrypted-tbn0.gstatic.com/images?q=tbn%3AANd9GcTHTFdM-gTKLcwz6ERj6zlAGrHNr3cwEBhxwRq-xbMFt-lwgUz8&usqp=CAU,EPG N/A
บุญนิยม ทีวี,5.Variety,http://live.boonniyom.tv:1935/live/bntvhd/playlist.m3u8,https://tvtolive.com/wp-content/uploads/Boonniyom-TV-tvtolive.com_.jpg,EPG N/A
Animax,6.Kids,http://210.210.155.35:80/dr9445/h/h144/index.m3u8,https://il.mahidol.ac.th/upload/img/2020-10-12-051525.jpg,EPG N/A
Animax,6.Kids,http://203.154.177.124:8899/live/ch5/playlist.m3u8,https://il.mahidol.ac.th/upload/img/2020-10-12-051525.jpg,EPG N/A
Aniplus,6.Kids,http://45.126.83.51/dr9445/h/h02/01.m3u8,https://il.mahidol.ac.th/upload/img/2020-10-12-051703.jpg,EPG N/A
Boomerang,6.Kids,https://edge6a.v2h-cdn.com/m2i4/BOOMERANG.stream_720p/playlist.m3u8,http://thaiip.tv/tvlogo2/boom.png,EPG N/A
Boomerang,6.Kids,http://203.154.243.31:8081/live/boomerrang/index.m3u8,https://i.pinimg.com/originals/92/94/fd/9294fdc36f0bbb5b88f2b150981e341f.png,EPG N/A
Boomerang,6.Kids,https://cdn6.goprimetime.info/feed/chboomberang/index.m3u8,https://i.pinimg.com/originals/92/94/fd/9294fdc36f0bbb5b88f2b150981e341f.png,EPG N/A
Boomerang,6.Kids,https://livecdn.fptplay.net/qnetlive/boomerang_1000.stream/chunklist.m3u8,https://i.pinimg.com/originals/92/94/fd/9294fdc36f0bbb5b88f2b150981e341f.png,EPG N/A
Boomerang,6.Kids,https://edge6a.v2h-cdn.com/m2i4/BOOMERANG.stream_360p/playlist.m3u8,https://i.pinimg.com/originals/92/94/fd/9294fdc36f0bbb5b88f2b150981e341f.png,EPG N/A
CA DISNEY JR HD(EN),6.Kids,http://31.220.1.50:7899/nelson_sousa1/6QzXACjNtA/16809,https://il.mahidol.ac.th/upload/img/2020-09-09-023546.jpg,EPG N/A
CA DISNEY XD HD(EN),6.Kids,http://31.220.1.50:7899/nelson_sousa1/6QzXACjNtA/16808,https://il.mahidol.ac.th/upload/img/2020-09-09-022523.jpg,EPG N/A
CA DIY NETWORK HD(EN),6.Kids,http://31.220.1.50:7899/nelson_sousa1/6QzXACjNtA/16807,https://il.mahidol.ac.th/upload/img/2020-09-09-022537.jpg,EPG N/A
CARTOON CLUB,6.Kids,http://edge4-bkk.3bb.co.th:1935/CartoonClub_Livestream/cartoonclub_480P.stream/chunklist.m3u8,http://thaiip.tv/tvlogo2/cartoonclub.png,EPG N/A
Cartoon Club HD,6.Kids,http://edge4-bkk.3bb.co.th:1935/CartoonClub_Livestream/cartoonclub_480P.stream/playlist.m3u8,https://tv.guchill.com/images/img_tv/tv/ch67.gif,EPG N/A
Cartoon Club HD,6.Kids,http://edge4-bkk.3bb.co.th:1935/CartoonClub_Livestream/cartoonclub_480P.stream/media_w255702590.m3u8,https://tv.guchill.com/images/img_tv/tv/ch67.gif,EPG N/A
Cartoon Network HD,6.Kids,https://www.we-play.tv/watching/tv/cartoon-network,https://upload.wikimedia.org/wikipedia/commons/1/12/Cartoon-Network-HD-cover.jpg,EPG N/A
Cartoon Network HD,6.Kids,https://www.livedoomovies.com/02_CartoonNetwork_720p/chunklist.m3u8,https://upload.wikimedia.org/wikipedia/commons/1/12/Cartoon-Network-HD-cover.jpg,EPG N/A
Disney junior,6.Kids,https://ustvgo.tv/disneyjr/,https://www.seekpng.com/png/detail/202-2023000_1200px-disney-junior-svg-disney-junior-logo-png.png,EPG N/A
Disney XD(true),6.Kids,https://www.we-play.tv/watching/tv/disney-xd,http://cms.dmpcdn.com/livetv/2018/12/17/9247aa93-56ff-4746-acd3-bdf52d597ed6.png,EPG N/A
Disney XD(true),6.Kids,https://www.livedoomovies.com/02_DisneyXD_720p/chunklist.m3u8,http://cms.dmpcdn.com/livetv/2018/12/17/9247aa93-56ff-4746-acd3-bdf52d597ed6.png,EPG N/A
Kuriakos kids,6.Kids,http://c2.manasat.com:1935/kkids/kkids3/FluxusTV.m3u8,https://il.mahidol.ac.th/upload/img/2020-08-28-070534.jpg,EPG N/A
Lale,6.Kids,http://stream.atr.ua/lale//live/index.m3u8,https://il.mahidol.ac.th/upload/img/2020-08-28-070550.jpg,EPG N/A
Nickelodeon,6.Kids,https://www.we-play.tv/watching/tv/nickelodeon,http://tvsmagazine.com/images/channels/sm_NICK.jpg,EPG N/A
NJPW World(การ์ตูน),6.Kids,https://aka-amd-njpwworld-hls-enlive.akamaized.net/hls/video/njpw_en/njpw_en_channel01_3/chunklist_DVR.m3u8?checkedby:hlscat.com,https://upload.wikimedia.org/wikipedia/en/thumb/1/1c/New_JP-KR_Pro_Wrestling_Logo_2.svg/480px-New_JP-KR_Pro_Wrestling_Logo_2.svg.png,EPG N/A
TCT kids,6.Kids,https://bcoveliveios-i.akamaihd.net/hls/live/206632/1997976452001/FamilyHLS/playlist.m3u8,https://il.mahidol.ac.th/upload/img/2020-08-28-070609.jpg,EPG N/A
Toonee,6.Kids,https://edge6a.v2h-cdn.com/m2i7/Toonee.stream_720p/playlist.m3u8,http://thaiip.tv/tvlogo2/toonee.png,EPG N/A
Toonee,6.Kids,https://edge6a.v2h-cdn.com/m2i7/Toonee.stream_360p/playlist.m3u8,https://il.mahidol.ac.th/upload/img/2020-11-11-052323.png,EPG N/A
trtcocuk,6.Kids,https://tv-trtcocuk.live.trt.com.tr/master.m3u8,https://il.mahidol.ac.th/upload/img/2020-08-28-070618.jpg,EPG N/A
TRUE SPARK JUMP,6.Kids,https://www.we-play.tv/watching/tv/true-spark-jump,http://www.chang55.com/movie/upload/movie_img/TRUE-SPARK-JUMP-CH1_Thumb.png,EPG N/A
TRUE SPARK PLAY,6.Kids,https://doofootball.livestream-cdn.com/iptv/sd-sparkplay.stream/playlist.m3u8,http://www.chang55.com/movie/upload/movie_img/TRUE-SPARK-PLAY-CH1_Thumb.png,EPG N/A
WZra,6.Kids,http://wpso.com:1936/hls/kidshd.m3u8,https://il.mahidol.ac.th/upload/img/2020-08-28-070629.jpg,EPG N/A
Premier HD1,7.Sports,https://doofootball.livestream-cdn.com/iptv/epl-1.stream/playlist.m3u8,https://il.mahidol.ac.th/upload/img/2020-11-08-075334.jpg,7000
Premier HD1,7.Sports,http://160.119.77.116:8081/iptv/epl-1.stream/playlist.m3u8,https://il.mahidol.ac.th/upload/img/2020-11-08-075334.jpg,7000
Premier HD1,7.Sports,http://stream1.dootvgun.com:5555/live/stream/sports/1.m3u8,https://il.mahidol.ac.th/upload/img/2020-11-08-075334.jpg,7000
Premier HD1,7.Sports,https://doofootball.livestream-cdn.com/iptv/epl-1.stream/chunks.m3u8,https://il.mahidol.ac.th/upload/img/2020-11-08-075334.jpg,7000
Premier HD1,7.Sports,https://www.we-play.tv/watching/tv/true-premier-football-hd-1,https://il.mahidol.ac.th/upload/img/2020-11-08-075334.jpg,7000
Premier HD1,7.Sports,https://bettopfivemovie.com/true-premier-football-hd-1/,https://il.mahidol.ac.th/upload/img/2020-11-08-075334.jpg,7000
Premier HD2,7.Sports,https://doofootball.livestream-cdn.com/iptv/epl-2.stream/playlist.m3u8,https://il.mahidol.ac.th/upload/img/2020-11-08-075352.jpg,7001
Premier HD2,7.Sports,http://160.119.77.116:8081/iptv/epl-2.stream/playlist.m3u8,https://il.mahidol.ac.th/upload/img/2020-11-08-075352.jpg,7001
Premier HD2,7.Sports,http://103.208.24.234:1935/thaisport/epl-2.stream/playlist.m3u8,https://il.mahidol.ac.th/upload/img/2020-11-08-075352.jpg,7001
Premier HD2,7.Sports,https://www.livedoomovies.com/02_PremierHD2_720p/chunklist.m3u8,https://il.mahidol.ac.th/upload/img/2020-11-08-075352.jpg,7001
Premier HD2,7.Sports,https://bettopfivemovie.com/true-premier-football-hd-2/,https://il.mahidol.ac.th/upload/img/2020-11-08-075352.jpg,7001
Premier HD3,7.Sports,http://103.208.24.234:1935/thaisport/epl-3.stream/playlist.m3u8,https://il.mahidol.ac.th/upload/img/2020-11-08-075415.jpg,7002
Premier HD3,7.Sports,http://160.119.77.116:8081/iptv/epl-3.stream/playlist.m3u8,https://il.mahidol.ac.th/upload/img/2020-11-08-075415.jpg,7002
Premier HD3,7.Sports,http://160.119.77.50/iptv/epl-3.stream/playlist.m3u8,https://il.mahidol.ac.th/upload/img/2020-11-08-075415.jpg,7002
Premier HD4,7.Sports,http://103.208.24.234:1935/thaisport/epl-4.stream/playlist.m3u8,https://il.mahidol.ac.th/upload/img/2020-11-08-075435.jpg,7003
Premier HD4,7.Sports,http://160.119.77.116:8081/iptv/epl-4.stream/playlist.m3u8,https://il.mahidol.ac.th/upload/img/2020-11-08-075435.jpg,7003
Premier HD5,7.Sports,http://160.119.77.116:8081/iptv/epl-5.stream/playlist.m3u8,https://il.mahidol.ac.th/upload/img/2020-11-08-075457.jpg,7004
Premier HD5,7.Sports,http://103.208.24.234:1935/thaisport/epl-5.stream/playlist.m3u8,https://il.mahidol.ac.th/upload/img/2020-11-08-075457.jpg,7004
Premier HD5,7.Sports,http://160.119.77.50/iptv/epl-5.stream/playlist.m3u8,https://il.mahidol.ac.th/upload/img/2020-11-08-075457.jpg,7004
true sports HD,7.Sports,https://www.livedoomovies.com/02_2sporthd1_720p/chunklist.m3u8,https://il.mahidol.ac.th/upload/img/2020-10-01-065433.jpg,7005
true sports HD,7.Sports,http://103.208.24.234:1935/thaisport/hd-tsport1.stream/chunklist.m3u8,https://il.mahidol.ac.th/upload/img/2020-10-01-065433.jpg,7005
true sports HD,7.Sports,http://160.119.77.50/iptv/hd-tsport1.stream/playlist.m3u8,https://il.mahidol.ac.th/upload/img/2020-10-01-065433.jpg,7005
true sports HD,7.Sports,https://doofootball.livestream-cdn.com/iptv/hd-tsport1.stream/playlist.m3u8,https://il.mahidol.ac.th/upload/img/2020-10-01-065433.jpg,7005
true sports 2,7.Sports,https://www.we-play.tv/watching/tv/true-sports-2,https://www.doomovie-hd.com/assets/img/ch_logo/sd-tsport2.png,7006
true sports 2,7.Sports,http://103.208.24.234:1935/thaisport/sd-tsport2.stream/chunklist.m3u8,https://www.doomovie-hd.com/assets/img/ch_logo/sd-tsport2.png,7006
true sports 2,7.Sports,https://www.livedoomovies.com/02_sport2_480p/chunklist.m3u8,https://il.mahidol.ac.th/upload/img/2020-10-22-032339.png,7006
true sports HD2,7.Sports,https://www.livedoomovies.com/02_2sporthd2_720p/chunklist.m3u8,https://il.mahidol.ac.th/upload/img/2020-10-01-065618.jpg,7006
true sports HD2,7.Sports,https://doofootball.livestream-cdn.com/iptv/hd-tsport2.stream/playlist.m3u8,https://il.mahidol.ac.th/upload/img/2020-10-01-065618.jpg,7006
true sports HD2,7.Sports,http://160.119.77.50/iptv/hd-tsport2.stream/playlist.m3u8,https://il.mahidol.ac.th/upload/img/2020-10-01-065618.jpg,7006
true sports HD3,7.Sports,http://103.208.24.234:1935/thaisport/hd-tsport3.stream/chunklist.m3u8,https://www.doomovie-hd.com/assets/img/ch_logo/hd-tsport3.png,7007
true sports HD3,7.Sports,https://www.livedoomovies.com/02_2sporthd3_720p/chunklist.m3u8,https://www.doomovie-hd.com/assets/img/ch_logo/hd-tsport3.png,7007
true sports HD3,7.Sports,https://doofootball.livestream-cdn.com/iptv/hd-tsport3.stream/playlist.m3u8,https://www.doomovie-hd.com/assets/img/ch_logo/hd-tsport3.png,7007
true sports HD3,7.Sports,http://160.119.77.50/iptv/hd-tsport3.stream/playlist.m3u8,https://www.doomovie-hd.com/assets/img/ch_logo/hd-tsport3.png,7007
true sports HD4,7.Sports,http://103.208.24.234:1935/thaisport/hd-tsport4.stream/chunklist.m3u8,https://il.mahidol.ac.th/upload/img/2020-10-01-065523.jpg,7008
true sports HD4,7.Sports,https://doofootball.livestream-cdn.com/iptv/hd-tsport4.stream/playlist.m3u8,https://il.mahidol.ac.th/upload/img/2020-10-01-065523.jpg,7008
true sports HD4,7.Sports,http://160.119.77.50/iptv/hd-tsport4.stream/playlist.m3u8,https://il.mahidol.ac.th/upload/img/2020-10-01-065523.jpg,7008
true sports 5,7.Sports,http://27.254.149.109:8081/tumlive/tsp5/playlist.m3u8,https://www.doomovie-hd.com/assets/img/ch_logo/sd-tsport5.png,7009
true sports 5,7.Sports,http://103.208.24.234:1935/thaisport/sd-tsport5.stream/chunklist.m3u8,https://www.doomovie-hd.com/assets/img/ch_logo/sd-tsport5.png,7009
true sports 6,7.Sports,https://www.livedoomovies.com/02_sport6_480p/chunklist.m3u8,https://www.doomovie-hd.com/assets/img/ch_logo/sd-tsport6.png,7010
true sports 6,7.Sports,https://www.we-play.tv/watching/tv/true-sports-6,https://www.doomovie-hd.com/assets/img/ch_logo/sd-tsport6.png,7010
true sports 6,7.Sports,http://27.254.149.109:8081/tumlive/tsp6/playlist.m3u8,https://www.doomovie-hd.com/assets/img/ch_logo/sd-tsport6.png,7010
true sports 7,7.Sports,http://103.208.24.234:1935/thaisport/sd-tsport7.stream/chunklist.m3u8,https://www.doomovie-hd.com/assets/img/ch_logo/sd-tsport7.png,7011
true sports 7,7.Sports,http://27.254.149.109:8081/tumlive/tsp7/playlist.m3u8,https://www.doomovie-hd.com/assets/img/ch_logo/sd-tsport7.png,7011
true sports 7,7.Sports,https://www.livedoomovies.com/02_sport7_480p/chunklist.m3u8,https://www.doomovie-hd.com/assets/img/ch_logo/sd-tsport7.png,7011
true tennis HD,7.Sports,https://doofootball.livestream-cdn.com/iptv/hd-tennis.stream/playlist.m3u8,https://il.mahidol.ac.th/upload/img/2020-11-08-075654.jpg,7012
true tennis HD,7.Sports,https://www.livedoomovies.com/02_TennisHD_720p/chunklist.m3u8,https://il.mahidol.ac.th/upload/img/2020-11-08-075654.jpg,7012
true tennis HD,7.Sports,https://doofootball.livestream-cdn.com/iptv/hd-tennis.stream/chunks.m3u8,https://il.mahidol.ac.th/upload/img/2020-11-08-075654.jpg,7012
Bein Sports 1,7.Sports,http://103.208.24.234:1935/thaisport/epl-bein1.stream/playlist.m3u8,https://www.ball24.tv/wp-content/themes/ball24/logo/bein1.png,7013
Bein Sports 1,7.Sports,https://www.we-play.tv/watching/tv/bein-sports-1,https://www.doomovie-hd.com/assets/img/ch_logo/epl-bein1.png,7013
Bein Sports 1,7.Sports,https://www.livedoomovie.com/02_epl1_720p/chunklist.m3u8,https://www.doomovie-hd.com/assets/img/ch_logo/epl-bein1.png,7013
Bein Sports HD 1,7.Sports,https://www.livedoomovies.com/02_epl1_720p_UK/chunklist.m3u8,https://encrypted-tbn0.gstatic.com/images?q=tbn%3AANd9GcRXg5IbJJ-oDBkwrs-2rFis8aL93aGDVPa7hA&usqp=CAU,7013
Bein Sports 2,7.Sports,http://103.208.24.234:1935/thaisport/epl-bein2.stream/playlist.m3u8,https://www.ball24.tv/wp-content/themes/ball24/logo/bein2.png,7014
Bein Sports 2,7.Sports,https://www.we-play.tv/watching/tv/bein-sports-2,https://www.doomovie-hd.com/assets/img/ch_logo/epl-bein2.png,7014
Bein Sports 2,7.Sports,https://www.livedoomovie.com/02_epl2_720p/chunklist.m3u8,https://www.doomovie-hd.com/assets/img/ch_logo/epl-bein2.png,7014
Bein Sports HD 2,7.Sports,https://www.livedoomovies.com/02_epl2_720p_UK/chunklist.m3u8,https://cdn.bein.com/mena/wp-content/uploads/sites/3/2020/06/HD2-1.png,7014
Bein Sports 3,7.Sports,http://160.119.77.50/iptv/hd-bein3.stream/playlist.m3u8,https://center.beinsport.biz//assets/images/channel_new_mini/hd-bein3.png,7015
Bein Sports HD 2,7.Sports,https://doofootball.livestream-cdn.com/iptv/hd-bein2.stream/playlist.m3u8,https://cdn.bein.com/mena/wp-content/uploads/sites/3/2020/06/HD2-1.png,7015
Bein Sports 4,7.Sports,http://160.119.77.50/iptv/hd-bein4.stream/playlist.m3u8,https://center.beinsport.biz//assets/images/channel_new_mini/hd-bein4.png,7016
Bein Sports 5,7.Sports,http://160.119.77.50/iptv/hd-bein5.stream/playlist.m3u8,https://center.beinsport.biz//assets/images/channel_new_mini/hd-bein5.png,7017
BT SPORTS 1,7.Sports,https://www.livedoomovies.com/02_BTSPORTHD_1_720p/chunklist.m3u8,http://runnel.ir/ax/logo/BT_Sports_1_Small.png,7018
BT SPORTS 1,7.Sports,https://doofootball.livestream-cdn.com/iptv/uk-btsport1hd.stream/chunks.m3u8,http://runnel.ir/ax/logo/BT_Sports_1_Small.png,7018
BT SPORTS 2,7.Sports,https://doofootball.livestream-cdn.com/iptv/uk-btsport2hd.stream/chunks.m3u8,http://runnel.ir/ax/logo/BT_Sports_2_Small.png,7019
BT SPORTS 2,7.Sports,https://www.livedoomovies.com/02_BTSPORTHD_2_720p/chunklist.m3u8,http://runnel.ir/ax/logo/BT_Sports_2_Small.png,7019
BT SPORTS 3,7.Sports,https://doofootball.livestream-cdn.com/iptv/uk-btsport3hd.stream/chunks.m3u8,http://runnel.ir/ax/logo/BT_Sports_3_Small.png,7020
BT SPORTS 3,7.Sports,https://www.we-play.tv/watching/tv/bt-sport-3-hd,http://runnel.ir/ax/logo/BT_Sports_3_Small.png,7020
Fox Sports 1,7.Sports,https://www.livedoomovies.com/02_foxsport_720p/chunklist.m3u8,https://center.beinsport.biz//assets/images/channel_new_mini/hd-foxsports1.png,7021
Fox Sports 1,7.Sports,https://doofootball.livestream-cdn.com/iptv/hd-foxsports1.stream/playlist.m3u8,https://center.beinsport.biz//assets/images/channel_new_mini/hd-foxsports1.png,7021
Fox Sports HD,7.Sports,http://103.208.24.234:1935/thaisport/hd-foxsports1.stream/chunklist.m3u8,https://www.ball24.tv/wp-content/themes/ball24/logo/foxsport1.png,7021
Fox Sports 2,7.Sports,http://160.119.77.50/iptv/hd-foxsports2eng.stream/playlist.m3u8,https://teevee-hd.com/img/foxsport2.png,7022
Fox Sports 2,7.Sports,https://doofootball.livestream-cdn.com/iptv/sd-foxsports2.stream/playlist.m3u8,https://center.beinsport.biz//assets/images/channel_new_mini/sd-foxsports2.png,7022
Fox Sports 2,7.Sports,http://103.208.24.234:1935/thaisport/sd-foxsports2.stream/chunklist.m3u8,https://center.beinsport.biz//assets/images/channel_new_mini/sd-foxsports2.png,7022
Fox Sports 2,7.Sports,https://www.livedoomovies.com/02_FoxSports2_TH_720p/chunklist.m3u8,https://center.beinsport.biz//assets/images/channel_new_mini/sd-foxsports2.png,7022
Fox Sports 3,7.Sports,http://27.254.149.109:8081/tumlive/Foxsport3/playlist.m3u8,https://teevee-hd.com/img/foxsport3.png,7023
Fox Sports 3,7.Sports,http://103.208.24.234:1935/thaisport/sd-foxsports3.stream/chunklist.m3u8,https://center.beinsport.biz//assets/images/channel_new_mini/sd-foxsports3.png,7023
Fox Sports 3,7.Sports,https://www.livedoomovies.com/02_FoxSports3_TH_720p/chunklist.m3u8,https://center.beinsport.biz//assets/images/channel_new_mini/sd-foxsports3.png,7023
[untitled],7.Sports,https://cdn6.goprimetime.info/feed/LC12/index.m3u8,Logo N/A,EPG N/A
[untitled],7.Sports,https://edge6a.v2h-cdn.com//appt3//WOWSH.stream_720p//chunklist_w142679599.m3u8,Logo N/A,EPG N/A
"00:45	Bastia x Stade Briochin |",7.Sports,https://sportzonline.co/channels/hd/hd4.php,Logo N/A,EPG N/A
01:00   Vasco U20 x Flamengo U20 |,7.Sports,https://sportzonline.co/channels/bra/br1.php,Logo N/A,EPG N/A
"02:00	Mantova x Modena |",7.Sports,https://sportzonline.co/channels/hd/hd7.php,Logo N/A,EPG N/A
"02:00	Sportsing Gijon x Rayo Vallecano |",7.Sports,https://sportzonline.co/channels/hd/hd6.php,Logo N/A,EPG N/A
"02:30	Podbeskidzie x Zaglebie Lubin |",7.Sports,https://sportzonline.co/channels/hd/hd8.php,Logo N/A,EPG N/A
"02:45	USA x Panama |",7.Sports,https://sportzonline.co/channels/hd/hd5.php,Logo N/A,EPG N/A
04:00   Coritiba x Bahia |,7.Sports,https://sportzonline.co/channels/bra/br2.php,Logo N/A,EPG N/A
07:00   WWE: Monday Night Raw |,7.Sports,https://sportzonline.co/channels/hd/hd3.php,Logo N/A,EPG N/A
07:00   WWE: Monday Night Raw |,7.Sports,https://sportzonline.co/channels/pt/sporttv5.php,Logo N/A,EPG N/A
08:00   NFL: Minnesota Vikings x Chicago Bears  |,7.Sports,https://sportzonline.co/channels/hd/hd1.php,Logo N/A,EPG N/A
08:00   NFL: Minnesota Vikings x Chicago Bears |,7.Sports,https://sportzonline.co/channels/bra/br3.php,Logo N/A,EPG N/A
21:00   ATP World Tour Finals |,7.Sports,https://sportzonline.co/channels/pt/sporttv4.php,Logo N/A,EPG N/A
"23:00	Mozambique x Cameroon |",7.Sports,https://sportzonline.co/channels/hd/hd2.php,Logo N/A,EPG N/A
3BB Sports 1,7.Sports,https://www.we-play.tv/watching/tv/3bb-sports-1,https://www.we-play.tv//uploads/posters/3bb-sports-1-poster1607114531.jpeg,EPG N/A
Astro Supersport 1,7.Sports,http://50.7.222.130:8278/streams/d/Assp1/playlist.m3u8,https://il.mahidol.ac.th/upload/img/2020-08-13-074940.jpg,EPG N/A
Astro Supersport 2,7.Sports,http://50.7.222.130:8278/streams/d/Assp2/playlist.m3u8,https://il.mahidol.ac.th/upload/img/2020-08-13-074955.jpg,EPG N/A
Astro Supersport 3,7.Sports,http://50.7.222.130:8278/streams/d/Assp3/playlist.m3u8,https://il.mahidol.ac.th/upload/img/2020-08-13-075008.jpg,EPG N/A
Astro Supersport 4,7.Sports,http://50.7.222.130:8278/streams/d/Assp4/playlist.m3u8,https://il.mahidol.ac.th/upload/img/2020-12-22-081330.jpg,EPG N/A
Chelsea TV,7.Sports,https://www.livedoomovies.com/02_ChelseaTV_720p/chunklist.m3u8,https://www.mgm99win.net/wp-content/uploads/2019/02/13-300x168.jpg,EPG N/A
Eurosport 1,7.Sports,https://cdn1.mobiletv.bg/T8/eurosport/es_794613_850k.m3u8,https://il.mahidol.ac.th/upload/img/2020-09-07-051537.jpg,EPG N/A
Eurosport 1,7.Sports,https://doofootball.livestream-cdn.com/iptv/uk-eurosport.stream/playlist.m3u8,https://il.mahidol.ac.th/upload/img/2020-09-07-051537.jpg,EPG N/A
Eurosport 2,7.Sports,https://cdn1.mobiletv.bg/T3/eurosport2/eurosport2_794613_850k.m3u8,https://il.mahidol.ac.th/upload/img/2020-09-07-051552.jpg,EPG N/A
EUROSPORT2 4K,7.Sports,http://zabava-htlive.cdn.ngenix.net/hls/CH_EUROSPORT4K_HLS/bw6000000/variant.m3u8?version=2&offset=-7200,https://il.mahidol.ac.th/upload/img/2020-08-16-090017.jpg,EPG N/A
EUROSPORT3 4K,7.Sports,http://zabava-htlive.cdn.ngenix.net/hls/CH_EUROSPORT4K_HLS/bw6000000/variant.m3u8?version=2&offset=-10800,https://il.mahidol.ac.th/upload/img/2020-08-16-090017.jpg,EPG N/A
EUROSPORT4 4K,7.Sports,http://zabava-htlive.cdn.ngenix.net/hls/CH_EUROSPORT4K_HLS/bw6000000/variant.m3u8?version=2&offset=-14400,https://il.mahidol.ac.th/upload/img/2020-08-16-090017.jpg,EPG N/A
EUROSPORT44 4K,7.Sports,http://zabava-htlive.cdn.ngenix.net/hls/CH_EUROSPORT4K_HLS/bw6000000/variant.m3u8?version=2&offset=-158400,https://il.mahidol.ac.th/upload/img/2020-08-16-090017.jpg,EPG N/A
EUROSPORT45 4K,7.Sports,http://zabava-htlive.cdn.ngenix.net/hls/CH_EUROSPORT4K_HLS/bw6000000/variant.m3u8?version=2&offset=-162000,https://il.mahidol.ac.th/upload/img/2020-08-16-090017.jpg,EPG N/A
EUROSPORT46 4K,7.Sports,http://zabava-htlive.cdn.ngenix.net/hls/CH_EUROSPORT4K_HLS/bw6000000/variant.m3u8?version=2&offset=-165600,https://il.mahidol.ac.th/upload/img/2020-08-16-090017.jpg,EPG N/A
EUROSPORT48 4K,7.Sports,http://zabava-htlive.cdn.ngenix.net/hls/CH_EUROSPORT4K_HLS/bw6000000/variant.m3u8?version=2&offset=-172800,https://il.mahidol.ac.th/upload/img/2020-08-16-090017.jpg,EPG N/A
EUROSPORT50 4K,7.Sports,http://zabava-htlive.cdn.ngenix.net/hls/CH_EUROSPORT4K_HLS/bw6000000/variant.m3u8?version=2&offset=-180000,https://il.mahidol.ac.th/upload/img/2020-08-16-090017.jpg,EPG N/A
FISHTV,7.Sports,http://23.237.32.130/hls/FISH.m3u8,https://il.mahidol.ac.th/upload/img/2020-08-03-124834.jpg,EPG N/A
Golf channel,7.Sports,https://doofootball.livestream-cdn.com/iptv/hd-golf.stream/playlist.m3u8,https://il.mahidol.ac.th/upload/img/2020-11-08-075606.jpg,EPG N/A
Golf channel,7.Sports,https://www.livedoomovies.com/02_golfhd_720p/chunklist.m3u8,https://teevee-hd.com/img/golf.png,EPG N/A
Golf channel,7.Sports,http://103.208.24.234:1935/thaisport/hd-golf.stream/chunklist.m3u8,https://il.mahidol.ac.th/upload/img/2020-11-08-075606.jpg,EPG N/A
Golf channel,7.Sports,https://doofootball.livestream-cdn.com/iptv/hd-golf.stream/chunks.m3u8,https://teevee-hd.com/img/golf.png,EPG N/A
LFCTV,7.Sports,https://www.sine.tv/tvonline/ch061/,https://encrypted-tbn0.gstatic.com/images?q=tbn%3AANd9GcTLzfOx0x1z4HNkq6Zc9ByRfw6wnDh2AcC_hA&usqp=CAU,EPG N/A
NBA HD,7.Sports,https://doofootball.livestream-cdn.com/iptv/hd-nba.stream/chunks.m3u8,https://www.doomovie-hd.com/assets/img/ch_logo/hd-nba.png,EPG N/A
NBA HD,7.Sports,https://doofootball.livestream-cdn.com/iptv/hd-nba.stream/playlist.m3u8,https://www.doomovie-hd.com/assets/img/ch_logo/hd-nba.png,EPG N/A
NBA HD,7.Sports,https://www.livedoomovies.com/02_nbahd_720p/chunklist.m3u8,https://www.doomovie-hd.com/assets/img/ch_logo/hd-nba.png,EPG N/A
NBA TV,7.Sports,http://160.119.77.50/iptv/hd-nba.stream/playlist.m3u8,https://teevee-hd.com/img/nba.png,EPG N/A
NFL NETWORK,7.Sports,https://www.we-play.tv/watching/tv/nfl-network,https://i.imgur.com/iFphmoC.png,EPG N/A
OLYMPIC CH11,7.Sports,https://ott-live.olympicchannel.com/out/u/OC1_1.m3u8,https://images-na.ssl-images-amazon.com/images/I/517OUKvP9kL._SX450_.png,EPG N/A
OLYMPIC CH12,7.Sports,http://ott-live.olympicchannel.com/out/u/OC1_2.m3u8,https://images-na.ssl-images-amazon.com/images/I/517OUKvP9kL._SX450_.png,EPG N/A
OLYMPIC CH21,7.Sports,https://ott-live.olympicchannel.com/out/u/OC2_1.m3u8,https://images-na.ssl-images-amazon.com/images/I/517OUKvP9kL._SX450_.png,EPG N/A
OLYMPIC CH41,7.Sports,https://ott-live.olympicchannel.com/out/u/OC4_1.m3u8,https://images-na.ssl-images-amazon.com/images/I/517OUKvP9kL._SX450_.png,EPG N/A
ONEGOLF,7.Sports,http://162.250.201.58:6211/pk/ONEGOLF/index.m3u8,http://onegolftv.com/wp-content/uploads/2018/08/onegolf-HD-with-image-100px.png,EPG N/A
ONEGOLF,7.Sports,http://162.250.201.58:6211/pk/ONEGOLF/tracks-v1a1/mono.m3u8,https://onegolftv.com/wp-content/uploads/2018/08/onegolf-HD-with-image-200px.png,EPG N/A
Real Madrid TV,7.Sports,https://rmtv24hweblive-lh.akamaihd.net/i/rmtv24hweben_1@300662/master.m3u8?checkedby,https://il.mahidol.ac.th/upload/img/2020-10-19-085048.jpg,EPG N/A
Real Madrid TV,7.Sports,http://rmtvlive-lh.akamaihd.net/i/rmtv_1@154306/index_1000_av-p.m3u8,https://img.favpng.com/16/25/6/santiago-bernab-u-stadium-real-madrid-c-f-la-liga-tour-bernab-u-real-madrid-tv-png-favpng-CD9NjcM2CJvw8pPkZjgvtQpwp_t.jpg,EPG N/A
Red Bull TV,7.Sports,https://rbmn-live.akamaized.net/hls/live/590964/BoRB-AT/master_3360.m3u8,https://i.imgur.com/A4GMBN6.png,EPG N/A
Rta sports,7.Sports,http://212.47.252.54/hls/stream.m3u8,https://il.mahidol.ac.th/upload/img/2020-07-27-081418.jpg,EPG N/A
Rtm sorts hd,7.Sports,https://rtm2mobile.secureswiftcontent.com/Origin02/ngrp:RTM2/chunklist_b2064000.m3u8,https://upload.wikimedia.org/wikipedia/commons/0/02/RTM_HD_Sports.png,EPG N/A
Sky Racing 1,7.Sports,https://skylivesky-i.akamaihd.net/hls/live/569780/skylive/sky1_extreme@569780.m3u8,https://il.mahidol.ac.th/upload/img/2020-09-11-030623.jpg,EPG N/A
Sky Racing 2,7.Sports,https://skylivesky-i.akamaihd.net/hls/live/569780/skylive/sky2_extreme@569780.m3u8,https://il.mahidol.ac.th/upload/img/2020-09-11-030632.jpg,EPG N/A
SKY SPORTS ARENA,7.Sports,https://doofootball.livestream-cdn.com/iptv/uk-skysports-arena.stream/playlist.m3u8,https://il.mahidol.ac.th/upload/img/2020-11-10-040911.jpg,EPG N/A
Sky Sports Cricket,7.Sports,https://doofootball.livestream-cdn.com/iptv/uk-skysports-cricket.stream/chunks.m3u8,https://e0.365dm.com/20/04/192x192/skysports-sky-sports-cricket_4967063.jpg?20200411112851,EPG N/A
SKY SPORTS F1,7.Sports,https://doofootball.livestream-cdn.com/iptv/uk-skysports-f1.stream/playlist.m3u8,https://il.mahidol.ac.th/upload/img/2020-11-10-040839.jpg,EPG N/A
SKY SPORTS FOOTBALL,7.Sports,https://doofootball.livestream-cdn.com/iptv/uk-skysports-football.stream/playlist.m3u8,https://il.mahidol.ac.th/upload/img/2020-11-10-040650.jpg,EPG N/A
Sky Sports Golf,7.Sports,http://watch.crichd.ac/sky-sports-golf-live-streaming,https://www.doofree88.com/storage/live/K5FeAFThAFVNrteG23I5te2un4FaMgcuWzlu0o6k.jpg,EPG N/A
SKY SPORTS GOLF,7.Sports,https://doofootball.livestream-cdn.com/iptv/uk-skysports-golf.stream/playlist.m3u8,https://il.mahidol.ac.th/upload/img/2020-11-10-040944.jpg,EPG N/A
SKY SPORTS MAIN EVENT,7.Sports,https://doofootball.livestream-cdn.com/iptv/uk-skysports-mainevent.stream/playlist.m3u8,https://il.mahidol.ac.th/upload/img/2020-11-10-040723.jpg,EPG N/A
SKY SPORTS NFL,7.Sports,https://doofootball.livestream-cdn.com/iptv/uk-skysports-action.stream/playlist.m3u8,https://il.mahidol.ac.th/upload/img/2020-11-10-040800.jpg,EPG N/A
SKY SPORTS PREMIER,7.Sports,https://doofootball.livestream-cdn.com/iptv/uk-skysports-epl.stream/playlist.m3u8,https://il.mahidol.ac.th/upload/img/2020-11-10-040622.jpg,EPG N/A
Sky Thoroughbred Central,7.Sports,https://skylivesky-i.akamaihd.net/hls/live/569780/skylive/stcsd_extreme@569780.m3u8,https://il.mahidol.ac.th/upload/img/2020-09-11-030611.jpg,EPG N/A
Sports-ManU TV,7.Sports,https://www.sine.tv/tvonline/ch060/,http://thaiip.tv/tvlogo2/mutv.png,EPG N/A
Super Tennis,7.Sports,https://ms003.happytv.com.tw/live/OcScNdWHvBx5P4w3/index.m3u8,https://tennisclubcadelmoro.files.wordpress.com/2017/10/supertennis.png,EPG N/A
T Sports,7.Sports,https://www.livedoomovies.com/02_T_Sports_480p/chunklist.m3u8,https://i.pinimg.com/originals/d3/da/2a/d3da2acea1ac96354e82618d67f0ac00.png,EPG N/A
Tennis channal+,7.Sports,https://playoutengine.sinclairstoryline.com/playout/f2f8b269-dd85-4434-bdd3-b3a64ca9cd60/g.m3u8,https://www.maryville.edu/wp-content/uploads/2017/08/tennis-channel-logo.png,EPG N/A
Tennis Channel,7.Sports,https://playoutengine.sinclairstoryline.com/playout/9f87522c-5a0e-4ff4-b82c-d5564216132f/g.m3u8,https://rbr.com/wp-content/uploads/Tennis_Channel.jpg,EPG N/A
Tennis HD,7.Sports,http://103.208.24.234:1935/thaisport/hd-tennis.stream/chunklist.m3u8,https://teevee-hd.com/img/tennis.png,EPG N/A
Trace Sports Stars,7.Sports,http://203.154.177.124:8899/live/ch10/playlist.m3u8,https://il.mahidol.ac.th/upload/img/2020-11-10-011240.jpg,EPG N/A
US:FOX Sports HD 1,7.Sports,http://austchannel-live.akamaized.net/hls/live/2002736/austchannel-sport/master1280x720.m3u8,https://encrypted-tbn0.gstatic.com/images?q=tbn%3AANd9GcRERJprFeY-mRHqUmX2o4EePlRs75wv71ceWEePhIaX0cibF9Jl&usqp=CAU,EPG N/A
US:Red Bull TV,7.Sports,http://rbmn-live.akamaized.net/hls/live/590964/BoRB-AT/master.m3u8,https://encrypted-tbn0.gstatic.com/images?q=tbn%3AANd9GcQYtT7usokX0l3HD3SBW0qR7nLjFa1JPmsXhQI2K4-dw-xm5T5a&usqp=CAU,EPG N/A
US:SBN Global,7.Sports,http://sonlife10-i.akamaihd.net/hls/live/585013/ch10/master.m3u8,https://encrypted-tbn0.gstatic.com/images?q=tbn%3AANd9GcQo50yYGeeEfyBofJpLk6cm1q1s1P3L6g5ixrztiOkztHHgiUaf&usqp=CAU,EPG N/A
World Of Free sports,7.Sports,https://a.jsrdn.com/broadcast/22723/+0000/hi/c.m3u8,http://www.solarentertainmentcorp.com/solar_uploads/show_banners/World_of_Freesports_-_Logo.jpg,EPG N/A
WWE Network,7.Sports,https://ustvgo.tv/wwe-network/,https://teevee-hd.com/img/wwe.png,EPG N/A
24 HD,8.News,http://tagesschau-lh.akamaihd.net/i/tagesschau_1@119231/index_3776_av-p.m3u8?sd=10&rebase=on,https://encrypted-tbn0.gstatic.com/images?q=tbn%3AANd9GcSkFrNxcIUBTX7n3GXdQBzhoaZpYjxufaqq3LG615LGiHOk0M6G&usqp=CAU,EPG N/A
ABC 2,8.News,http://cms-wowza.lunabyte.io/wbrz-live-1/_definst_/smil:wbrz-live.smil/chunklist_b1300000.m3u8?fluxustv.m3u8,https://encrypted-tbn0.gstatic.com/images?q=tbn%3AANd9GcSiHfKo6Ju-5fi3vT77_dCtVmNvluaTBxphgeWnbZBTmoZv6gb1&usqp=CAU,EPG N/A
ABC News,8.News,https://content.uplynk.com/channel/3324f2467c414329b3b0cc5cd987b6be.m3u8,https://th.bing.com/th?id=OIP.nlZTiSDYA-ZWrYdShExbBQHaHa&pid=PersonalBing&rs=1,EPG N/A
Aljazeera,8.News,https://live-hls-web-aje.getaj.net/AJE/01.m3u8,https://static-s.aa-cdn.net/img/amazon/30600000516579/dbdb81e17aaf22b817a4b2af4fce5214?v=1,EPG N/A
ALJAZEERA,8.News,https://cdn6.goprimetime.info/feed/chaljazaara/index.m3u8,https://il.mahidol.ac.th/upload/img/2020-09-20-061119.jpg,EPG N/A
arirang world,8.News,https://amdlive-ch01-ctnd-com.akamaized.net/arirang_1ch/smil:arirang_1ch.smil/chunklist_b3256000_sleng.m3u8,Logo N/A,EPG N/A
Australia channel,8.News,https://austchannel-live.akamaized.net/hls/live/2002729/austchannel-news/master1280x720.m3u8,https://encrypted-tbn0.gstatic.com/images?q=tbn%3AANd9GcQggG7hN-oaaI2ePkXyvn5ezQv5Txg_JALeUKSXTjparz3pKgqu&usqp=CAU,EPG N/A
Australia News,8.News,http://203.154.177.124:8899/live/ch8/playlist.m3u8,https://il.mahidol.ac.th/upload/img/2020-11-10-011131.jpg,EPG N/A
BBC 3,8.News,https://bozztv.com/36bay2/gin/giniko_bbcthree_900kb_36bay2/index.m3u8,https://il.mahidol.ac.th/upload/img/2020-10-12-051810.jpg,EPG N/A
BBC Scotland,8.News,http://51.52.156.22:8888/http/001,https://www.comedy.co.uk/images/channels/bbc_scotland.jpg,EPG N/A
BBC world news,8.News,http://103.199.161.254/Content/bbcworld/Live/Channel(BBCworld)/index.m3u8,http://thaiip.tv/tvlogo2/bbc.png,EPG N/A
BBC World News (GB),8.News,http://92.43.140.249/s24/04.m3u8?fluxustv.m3u8,https://www.digitaltveurope.com/files/2011/12/BBC-World-News1.jpg,EPG N/A
BLOOMBERG ASIA,8.News,https://liveprodapnortheast.global.ssl.fastly.net/ap1/Channel-APTVqvs-AWS-tokyo-1/Source-APTVqvs-1000-1_live.m3u8,https://il.mahidol.ac.th/upload/img/2020-09-28-015033.jpg,EPG N/A
Bloomberg TV,8.News,https://onvision.info/channels/bloombergtv.html,https://nowontv.info/img/bloomberg.png,EPG N/A
boston 25,8.News,http://svc-lvanvato-cxtv-wfxt.cmgvideo.com/wfxt/2564k/index.m3u8?fluxustv.m3u8,https://encrypted-tbn0.gstatic.com/images?q=tbn%3AANd9GcSEk_vosGsm5Q4IQIKiUoEzMvS52M1NhNMUgHwVuK5VtW57aiC9&usqp=CAU,EPG N/A
BreaKingNew,8.News,https://liveproduseast.akamaized.net/us/Channel-USTV-AWS-virginia-1/Source-USTV-1000-1_live.m3u8,https://encrypted-tbn0.gstatic.com/images?q=tbn%3AANd9GcTmdEsRdX6PQ-2OXtpEcmTCbD16h4DHD_Bt1HEd8Qe7cfR5jAUf&usqp=CAU,EPG N/A
bTV News,8.News,http://203.176.130.123:8989/live/bayontv1_480k.stream/playlist.m3u8,https://i.imgur.com/Y7u19Pl.png,EPG N/A
CBS 47,8.News,http://svc-lvanvato-cxtv-wjax.cmgvideo.com/wjax/2564k/index.m3u8,https://encrypted-tbn0.gstatic.com/images?q=tbn%3AANd9GcRFBxVut_-sWyaiu8h0kGDpKM7hnoQI-CiztS7hT97tDxKcgA9v&usqp=CAU,EPG N/A
CBS N,8.News,https://cbsnhls-i.akamaihd.net/hls/live/264710/CBSN_mdialog/prodstream/master_2200.m3u8,https://encrypted-tbn0.gstatic.com/images?q=tbn%3AANd9GcQXUcB_tNtVH2C9WS2lT_WPVPlD0a0sZB476pwN61jBt1B1cqEk&usqp=CAU,EPG N/A
CBS News,8.News,https://dai.google.com/linear/hls/event/Sid4xiTQTkCT1SLu6rjUSQ/master.m3u8,https://images-na.ssl-images-amazon.com/images/I/51UjITm0Z-L._SY355_.png,EPG N/A
CBS News,8.News,https://cbsnewshd-lh.akamaihd.net/i/CBSNHD_7@199302/master.m3u8,https://images-na.ssl-images-amazon.com/images/I/51UjITm0Z-L._SY355_.png,EPG N/A
CBS News,8.News,https://cbsn-us-cedexis.cbsnstream.cbsnews.com/out/v1/55a8648e8f134e82a470f83d562deeca/master.m3u8,http://thaiip.tv/tvlogo2/cbs.png,EPG N/A
CGTN,8.News,https://news.cgtn.com/resource/live/english/cgtn-news.m3u8,https://apprecs.org/ios/images/app-icons/256/c0/922460096.jpg,EPG N/A
CGTN,8.News,https://live.cgtn.com/1000/prog_index.m3u8,http://thaiip.tv/tvlogo2/cgtn.png,EPG N/A
CHANNEL NEWS ASIA,8.News,http://d2e1asnsl7br7b.cloudfront.net/7782e205e72f43aeb4a48ec97f66ebbe/index_5.m3u8,https://il.mahidol.ac.th/upload/img/2020-09-28-014942.jpg,EPG N/A
Cheddar News,8.News,https://live.chdrstatic.com/cbn/primary/1.m3u8,https://encrypted-tbn0.gstatic.com/images?q=tbn%3AANd9GcR4MCajdFb989lDLSd097RXfqbWGk4Jaro1VmiOp-h1_y6m9zfs&usqp=CAU,EPG N/A
CNA,8.News,https://cdn6.goprimetime.info/feed/LC16/index.m3u8,https://il.mahidol.ac.th/upload/img/2020-09-20-061309.jpg,EPG N/A
CNA,8.News,https://d2e1asnsl7br7b.cloudfront.net/7782e205e72f43aeb4a48ec97f66ebbe/index_5.m3u8,https://il.mahidol.ac.th/upload/img/2020-09-20-061309.jpg,EPG N/A
CNA ChannelNewsAsia,8.News,https://d2e1asnsl7br7b.cloudfront.net/7782e205e72f43aeb4a48ec97f66ebbe/index_4.m3u8,https://static-s.aa-cdn.net/img/ios/520773971/6c5cc747ac014da70c0fb41b6101b400,EPG N/A
CNN,8.News,https://www.livenewsmag.com/cnn-stream/,https://www.doofree88.com/storage/live/82myrjsvZjt2tIQ5QqDDkTEYGJuRKSJ2lSj5hGWW.png,EPG N/A
CNN,8.News,https://ustvgo.tv/cnn-live-streaming-free/,https://www.doofree88.com/storage/live/82myrjsvZjt2tIQ5QqDDkTEYGJuRKSJ2lSj5hGWW.png,EPG N/A
CNN,8.News,https://www.livedoomovies.com/02_CNN_720p/chunklist.m3u8,https://www.doofree88.com/storage/live/82myrjsvZjt2tIQ5QqDDkTEYGJuRKSJ2lSj5hGWW.png,EPG N/A
CNN UK,8.News,https://doofootball.livestream-cdn.com/iptv/uk-cnn.stream/playlist.m3u8,https://www.doofree88.com/storage/live/82myrjsvZjt2tIQ5QqDDkTEYGJuRKSJ2lSj5hGWW.png,EPG N/A
DW,8.News,http://dwstream4-lh.akamaihd.net/i/dwstream4_live@131329/index_1_av-p.m3u8,https://upload.wikimedia.org/wikipedia/commons/thumb/7/75/Deutsche_Welle_symbol_2012.svg/1200px-Deutsche_Welle_symbol_2012.svg.png,EPG N/A
DW DEUTSCH,8.News,https://dwstream6-lh.akamaihd.net/i/dwstream6_live@123962/index_1_av-b.m3u8?sd=10&rebase=on,Logo N/A,EPG N/A
DW english,8.News,https://dwstream4-lh.akamaihd.net/i/dwstream4_live@131329/index_1_av-p.m3u8?sd=10&rebase=on,https://is5-ssl.mzstatic.com/image/thumb/Purple114/v4/4c/92/a0/4c92a015-ee3e-8689-b09d-8a4f22543825/source/256x256bb.jpg,EPG N/A
DW ESPAÑOL,8.News,https://dwstream3-lh.akamaihd.net/i/dwstream3_live@124409/index_1_av-p.m3u8?sd=10&rebase=on,Logo N/A,EPG N/A
DW News,8.News,http://dwstream4-lh.akamaihd.net/i/dwstream4_live@131329/master.m3u8,http://cms.dmpcdn.com/livetv/2017/10/17/a6b13167-4067-4797-a04f-7e90c525b0c8.png,EPG N/A
EBS Kids TV,8.News,http://ebsonairios.ebs.co.kr/ebsutablet500k/_definst_/tablet500k/chunklist_w1065959876.m3u8,https://img.meituan.net/csc/df949a136e7323841ed4837a30baed0228071.jpg,EPG N/A
ET Live Showbiz News,8.News,https://etlive-mediapackage-fastly.cbsaavideo.com/dvr/manifest_83.m3u8,http://thaiip.tv/tvlogo2/et.png,EPG N/A
FOX Business,8.News,https://gma2.blab.email/espnu.m3u8,https://pmcdeadline2.files.wordpress.com/2019/09/fox-business-network-logo-2019.jpg,EPG N/A
Fox News,8.News,http://27.254.149.109:8081/tumlive/Foxnew/playlist.m3u8,https://www.doofree88.com/storage/live/roiCN0IiRtHxs6oqLR9wLs5unEH5VjFyfPSCLUm0.png,EPG N/A
Fox Sports News,8.News,https://austchannel-live.akamaized.net/hls/live/2002736/austchannel-sport/master1280x720.m3u8,https://d24j9r7lck9cin.cloudfront.net/l/o/6/6554.1489225299.png,EPG N/A
France 24 (ENG),8.News,http://f24hls-i.akamaihd.net/hls/live/221147/F24_EN_HI_HLS/master_2000.m3u8,http://thaiip.tv/tvlogo2/f24e.png,EPG N/A
France 24 (FR),8.News,http://f24hls-i.akamaihd.net/hls/live/221146/F24_FR_HI_HLS/master_2000.m3u8,http://thaiip.tv/tvlogo2/f24.png,EPG N/A
FS1,8.News,http://stream.fs1.tv:8080/hls/webstream.m3u8,https://encrypted-tbn0.gstatic.com/images?q=tbn%3AANd9GcT5XaKHdyBcjZYVQROkrhUY4f44RedFQCRkWpZmWbgCJjXrxttU&usqp=CAU,EPG N/A
Global News Canada,8.News,https://live.corusdigitaldev.com/groupd/live/49a91e7f-1023-430f-8d66-561055f3d0f7/live.isml/.m3u8,http://thaiip.tv/tvlogo2/gloca.png,EPG N/A
Indonesia CNN,8.News,https://live.cnnindonesia.com/livecnn/smil:cnntv.smil/chunklist_w1649997259_b384000_sleng.m3u8,https://upload.wikimedia.org/wikipedia/commons/thumb/b/b1/CNN.svg/1200px-CNN.svg.png,EPG N/A
kiro 7 new,8.News,http://svc-lvanvato-cxtv-kiro.cmgvideo.com/kiro/1864k/index.m3u8?fluxustv.m3u8,https://encrypted-tbn0.gstatic.com/images?q=tbn%3AANd9GcSiHfKo6Ju-5fi3vT77_dCtVmNvluaTBxphgeWnbZBTmoZv6gb1&usqp=CAU,EPG N/A
Metro TV HD,8.News,http://edge.metrotvnews.com:1935/live-edge/smil:metro.smil/chunklist_w1584163574_b1492000_sleng.m3u8,https://encrypted-tbn0.gstatic.com/images?q=tbn:ANd9GcTyIphJv2IvrY8qYDaYDN9vBg9nzILJodJtnQ6WsT1YzqfJctBL,EPG N/A
MNP,8.News,http://hls.mirtv.cdnvideo.ru:80/mirtv-parampublish/mirtv_2500/chunklist.m3u8?hls_proxy_host=pub1.rtmp.s01.l.mirtv,https://encrypted-tbn0.gstatic.com/images?q=tbn%3AANd9GcTrzr1z_Qc6FT-DjHu_y407yG_IrqNHRUOaneipAkWfWaYcqUSF&usqp=CAU,EPG N/A
Model Inc,8.News,https://bozztv.com/36bay2/gin/giniko_modelinc_2000kb_36bay2/tracks-v1a1/mono.m3u8,Logo N/A,EPG N/A
NBC,8.News,http://161.0.157.50:80/PLTV/88888888/224/3221227040/3.m3u8,https://encrypted-tbn0.gstatic.com/images?q=tbn%3AANd9GcQbxJcI35QmglIgFrxqEgqRB4nZZwFSOn6ES0VnNza_U6AJeam4&usqp=CAU,EPG N/A
NDTV24X7,8.News,https://ndtv24x7elemarchana.akamaized.net/hls/live/2003678/ndtv24x7/ndtv24x7master.m3u8,https://encrypted-tbn0.gstatic.com/images?q=tbn%3AANd9GcQ-x9uGbiIj5lr0Ogt7wMRQqWX02tnhtYlveP5maY31msBYlqzu&usqp=CAU,EPG N/A
News 1,8.News,https://server1.streamssl.com/stream/news1_hi.m3u8,https://www.doofree88.com/storage/live/tvAqYVZqJtDoNIcY0Hn26PPjwgYEXpQwQVJoaFwd.png,EPG N/A
News 1,8.News,http://news1.live14.com/stream/news1_hi.m3u8,https://www.doofree88.com/storage/live/tvAqYVZqJtDoNIcY0Hn26PPjwgYEXpQwQVJoaFwd.png,EPG N/A
Newsmax,8.News,http://nmxlive.akamaized.net/hls/live/529965/Live_1/index_720.m3u8,https://encrypted-tbn0.gstatic.com/images?q=tbn%3AANd9GcRdfYoUYXmJIoxjyQCsoNTwpH0N0kNmFtdw0yKXKjHoj2DDD-S6&usqp=CAU,EPG N/A
Newsmax TV,8.News,https://nmxlive.akamaized.net/hls/live/529965/Live_1/index.m3u8,http://thaiip.tv/tvlogo2/newsmaxtv.png,EPG N/A
NEWSNET,8.News,http://broadcastny.yournewsnet.com:8081/master/newsnetweb/playlist.m3u8,https://encrypted-tbn0.gstatic.com/images?q=tbn%3AANd9GcSBWtCVwwtZt6HiYO8siCYbEOYfy84ZVkM4qqbP4F64Q5tSl0Xh&usqp=CAU,EPG N/A
NHK Chinese,8.News,https://nhkw-zh-hlscomp.akamaized.net/8thz5iufork8wjip/playlist.m3u8,https://www.doofree88.com/storage/live/K1nk269CE9aAa7DunT5qBeIrV3WJymveVvlQC8T7.png,EPG N/A
NHK WORLD(JAPAN),8.News,https://nhkworld.webcdn.stream.ne.jp/www11/nhkworld-tv/global/2003458/live.m3u8,https://www.doofree88.com/storage/live/K1nk269CE9aAa7DunT5qBeIrV3WJymveVvlQC8T7.png,EPG N/A
RT UK (RU),8.News,https://rt-uk.secure.footprint.net/1106.m3u8?fluxustv.m3u8,https://www.rt.com/static/block/touch-icon/apple-touch-icon-144x144-precomposed.png,EPG N/A
Russia today,8.News,https://rt-news-gd.secure2.footprint.net/1103_2500Kb.m3u8,https://pbs.twimg.com/profile_images/628096402015457280/5l4wHHm__400x400.jpg,EPG N/A
Sky News,8.News,https://skynews2-plutolive-vo.akamaized.net/cdhlsskynewsamericas/1013/06.m3u8,http://thaiip.tv/tvlogo2/sky.png,EPG N/A
TeleSUR (VE),8.News,https://d7g1ebft2592.cloudfront.net/mblivev3/hd/playlist.m3u8?fluxustv.m3u8,https://upload.wikimedia.org/wikipedia/commons/thumb/b/bf/TeleSUR-Logo.svg/933px-TeleSUR-Logo.svg.png,EPG N/A
TV5Monde,8.News,http://v3plusinfo247hls-i.akamaihd.net/hls/live/218877/v3plusinfo247hls/v3plusinfo247hls_1_1.m3u8,https://center.beinsport.biz//assets/images/channel_new_mini/fr-tv5pacific.png,EPG N/A
US:CBN News,8.News,http://bcliveuniv-lh.akamaihd.net/i/iptv1_1@194050/master.m3u8,https://encrypted-tbn0.gstatic.com/images?q=tbn%3AANd9GcSu0DhOkrsAsVgwODBraFa7A-zxYaAdt72_8ChoPSXTtAANXy6E&usqp=CAU,EPG N/A
WeatherNation,8.News,http://weather-lh.akamaihd.net:80/i/twc_1@92006/index_2400_av-b.m3u8?sd=10&rebase=on,https://encrypted-tbn0.gstatic.com/images?q=tbn%3AANd9GcQHmlUjoP-1lSH_R-kBDHGLTh0uTrTnz8r5wo7WMCH08sdUD7qj&usqp=CAU,EPG N/A
White Channel,8.News,http://symc-cdn.violin.co.th:1935/tndedge/whitechannel/chunklist.m3u8,http://thaiip.tv/tvlogo2/wch.png,EPG N/A
สุวรรณภูมิ TV,8.News,http://203.146.129.233:1935/live/mp4:suwan/chunklist.m3u8,https://cms.dmpcdn.com/livetv/2017/10/18/57e474db-0dce-4fdc-93d8-bc2b57d3a685.png,EPG N/A
